Tỉnh / Thành phố,Nhóm loại hình,Loại hình chi tiết,Số lượng thiếu giá,Tổng số địa điểm,Tỷ lệ thiếu giá
Hồ Chí Minh,Nhóm Ẩm thực & Cafe (restaurant / cafe),Quán ăn,1338,2604,0.5138
Hồ Chí Minh,Nhóm Ẩm thực & Cafe (restaurant / cafe),Cafe & Đồ uống,681,993,0.6858
Hồ Chí Minh,Nhóm Ẩm thực & Cafe (restaurant / cafe),Nhà hàng,517,687,0.7525
Hồ Chí Minh,Nhóm Ẩm thực & Cafe (restaurant / cafe),Tiệm bánh & Tráng miệng,241,385,0.626
Hồ Chí Minh,Nhóm Ẩm thực & Cafe (restaurant / cafe),Pub/Bar,66,73,0.9041
Hồ Chí Minh,Nhóm Ẩm thực & Cafe (restaurant / cafe),Quán chay,49,89,0.5506
Hồ Chí Minh,Nhóm Ẩm thực & Cafe (restaurant / cafe),Buffet & Khu ẩm thực,34,35,0.9714
Hồ Chí Minh,Nhóm Tham quan & Vui chơi (attraction / entertainment),Công trình tôn giáo,752,752,1.0
Hồ Chí Minh,Nhóm Tham quan & Vui chơi (attraction / entertainment),Thể thao trong nhà,439,439,1.0
Hồ Chí Minh,Nhóm Tham quan & Vui chơi (attraction / entertainment),Thể thao ngoài trời,420,420,1.0
Hồ Chí Minh,Nhóm Tham quan & Vui chơi (attraction / entertainment),Spa & Thư giãn,365,365,1.0
Hồ Chí Minh,Nhóm Tham quan & Vui chơi (attraction / entertainment),Công viên/Quảng trường,180,186,0.9677
Hồ Chí Minh,Nhóm Tham quan & Vui chơi (attraction / entertainment),Công viên giải trí,149,149,1.0
Hồ Chí Minh,Nhóm Tham quan & Vui chơi (attraction / entertainment),Billiards,141,141,1.0
Hồ Chí Minh,Nhóm Tham quan & Vui chơi (attraction / entertainment),Thiên nhiên,117,118,0.9915
Hồ Chí Minh,Nhóm Tham quan & Vui chơi (attraction / entertainment),Karaoke,101,101,1.0
Hồ Chí Minh,Nhóm Tham quan & Vui chơi (attraction / entertainment),Di tích,95,97,0.9793999999999999
Hồ Chí Minh,Nhóm Tham quan & Vui chơi (attraction / entertainment),Nhà hát/Sân khấu,63,67,0.9403
Hồ Chí Minh,Nhóm Tham quan & Vui chơi (attraction / entertainment),Bãi biển/Vịnh,56,56,1.0
Hồ Chí Minh,Nhóm Tham quan & Vui chơi (attraction / entertainment),Đài quan sát & Khu chụp ảnh,46,51,0.902
Hồ Chí Minh,Nhóm Tham quan & Vui chơi (attraction / entertainment),Nông trại,35,35,1.0
Hồ Chí Minh,Nhóm Tham quan & Vui chơi (attraction / entertainment),Rạp phim,31,31,1.0
Hồ Chí Minh,Nhóm Tham quan & Vui chơi (attraction / entertainment),Bảo tàng & Không gian trưng bày,29,32,0.9062
Hồ Chí Minh,Nhóm Tham quan & Vui chơi (attraction / entertainment),Tour có hướng dẫn,21,27,0.7778
Hồ Chí Minh,Nhóm Tham quan & Vui chơi (attraction / entertainment),Bảo tàng nghệ thuật/3D,19,21,0.9048
Hồ Chí Minh,Nhóm Tham quan & Vui chơi (attraction / entertainment),Phố đi bộ,9,12,0.75
Hồ Chí Minh,Nhóm Tham quan & Vui chơi (attraction / entertainment),Làng nghề,2,2,1.0
Hồ Chí Minh,Nhóm Lưu trú (accommodation),Khách sạn & Resort,483,1140,0.42369999999999997
Hồ Chí Minh,Nhóm Lưu trú (accommodation),Homestay & Villa,271,461,0.5879
Hồ Chí Minh,Nhóm Lưu trú (accommodation),Nhà nghỉ,44,64,0.6875
Hồ Chí Minh,Nhóm Mua sắm (shopping),Chợ truyền thống,219,220,0.9954999999999999
Hồ Chí Minh,Nhóm Mua sắm (shopping),Trung tâm thương mại,119,134,0.8881
Hồ Chí Minh,Nhóm Mua sắm (shopping),Cửa hàng đặc sản/Quà lưu niệm,109,117,0.9316
Hồ Chí Minh,Nhóm Mua sắm (shopping),Dịch vụ du lịch,41,41,1.0
Hồ Chí Minh,Nhóm Mua sắm (shopping),Cửa hàng tiện lợi,32,32,1.0
Đà Nẵng,Nhóm Ẩm thực & Cafe (restaurant / cafe),Quán ăn,494,1342,0.36810000000000004
Đà Nẵng,Nhóm Ẩm thực & Cafe (restaurant / cafe),Nhà hàng,238,351,0.6781
Đà Nẵng,Nhóm Ẩm thực & Cafe (restaurant / cafe),Cafe & Đồ uống,230,445,0.5169
Đà Nẵng,Nhóm Ẩm thực & Cafe (restaurant / cafe),Tiệm bánh & Tráng miệng,90,228,0.3947
Đà Nẵng,Nhóm Ẩm thực & Cafe (restaurant / cafe),Pub/Bar,42,48,0.875
Đà Nẵng,Nhóm Ẩm thực & Cafe (restaurant / cafe),Quán chay,20,43,0.46509999999999996
Đà Nẵng,Nhóm Ẩm thực & Cafe (restaurant / cafe),Buffet & Khu ẩm thực,14,15,0.9333
Đà Nẵng,Nhóm Tham quan & Vui chơi (attraction / entertainment),Công trình tôn giáo,497,497,1.0
Đà Nẵng,Nhóm Tham quan & Vui chơi (attraction / entertainment),Thể thao trong nhà,292,293,0.9965999999999999
Đà Nẵng,Nhóm Tham quan & Vui chơi (attraction / entertainment),Spa & Thư giãn,245,246,0.9959
Đà Nẵng,Nhóm Tham quan & Vui chơi (attraction / entertainment),Thể thao ngoài trời,207,210,0.9856999999999999
Đà Nẵng,Nhóm Tham quan & Vui chơi (attraction / entertainment),Thiên nhiên,196,199,0.9849
Đà Nẵng,Nhóm Tham quan & Vui chơi (attraction / entertainment),Di tích,163,165,0.9879000000000001
Đà Nẵng,Nhóm Tham quan & Vui chơi (attraction / entertainment),Công viên/Quảng trường,128,128,1.0
Đà Nẵng,Nhóm Tham quan & Vui chơi (attraction / entertainment),Bãi biển/Vịnh,115,115,1.0
Đà Nẵng,Nhóm Tham quan & Vui chơi (attraction / entertainment),Nhà hát/Sân khấu,111,115,0.9652
Đà Nẵng,Nhóm Tham quan & Vui chơi (attraction / entertainment),Billiards,103,103,1.0
Đà Nẵng,Nhóm Tham quan & Vui chơi (attraction / entertainment),Nông trại,96,96,1.0
Đà Nẵng,Nhóm Tham quan & Vui chơi (attraction / entertainment),Đài quan sát & Khu chụp ảnh,92,94,0.9787
Đà Nẵng,Nhóm Tham quan & Vui chơi (attraction / entertainment),Tour có hướng dẫn,80,85,0.9412
Đà Nẵng,Nhóm Tham quan & Vui chơi (attraction / entertainment),Công viên giải trí,77,79,0.9747
Đà Nẵng,Nhóm Tham quan & Vui chơi (attraction / entertainment),Karaoke,66,66,1.0
Đà Nẵng,Nhóm Tham quan & Vui chơi (attraction / entertainment),Làng nghề,47,47,1.0
Đà Nẵng,Nhóm Tham quan & Vui chơi (attraction / entertainment),Bảo tàng & Không gian trưng bày,32,33,0.9697
Đà Nẵng,Nhóm Tham quan & Vui chơi (attraction / entertainment),Bảo tàng nghệ thuật/3D,25,25,1.0
Đà Nẵng,Nhóm Tham quan & Vui chơi (attraction / entertainment),Rạp phim,7,7,1.0
Đà Nẵng,Nhóm Tham quan & Vui chơi (attraction / entertainment),Phố đi bộ,4,4,1.0
Đà Nẵng,Nhóm Lưu trú (accommodation),Homestay & Villa,372,600,0.62
Đà Nẵng,Nhóm Lưu trú (accommodation),Khách sạn & Resort,195,523,0.3728
Đà Nẵng,Nhóm Lưu trú (accommodation),Nhà nghỉ,31,36,0.8611
Đà Nẵng,Nhóm Mua sắm (shopping),Chợ truyền thống,74,74,1.0
Đà Nẵng,Nhóm Mua sắm (shopping),Cửa hàng đặc sản/Quà lưu niệm,61,73,0.8356
Đà Nẵng,Nhóm Mua sắm (shopping),Dịch vụ du lịch,37,37,1.0
Đà Nẵng,Nhóm Mua sắm (shopping),Trung tâm thương mại,23,27,0.8519
Đà Nẵng,Nhóm Mua sắm (shopping),Cửa hàng tiện lợi,6,6,1.0
Hà Nội,Nhóm Ẩm thực & Cafe (restaurant / cafe),Quán ăn,422,1222,0.3453
Hà Nội,Nhóm Ẩm thực & Cafe (restaurant / cafe),Nhà hàng,119,235,0.5064
Hà Nội,Nhóm Ẩm thực & Cafe (restaurant / cafe),Cafe & Đồ uống,107,244,0.4385
Hà Nội,Nhóm Ẩm thực & Cafe (restaurant / cafe),Tiệm bánh & Tráng miệng,93,265,0.35090000000000005
Hà Nội,Nhóm Ẩm thực & Cafe (restaurant / cafe),Pub/Bar,35,40,0.875
Hà Nội,Nhóm Ẩm thực & Cafe (restaurant / cafe),Buffet & Khu ẩm thực,21,21,1.0
Hà Nội,Nhóm Ẩm thực & Cafe (restaurant / cafe),Quán chay,11,16,0.6875
Hà Nội,Nhóm Tham quan & Vui chơi (attraction / entertainment),Công trình tôn giáo,612,612,1.0
Hà Nội,Nhóm Tham quan & Vui chơi (attraction / entertainment),Thể thao ngoài trời,322,322,1.0
Hà Nội,Nhóm Tham quan & Vui chơi (attraction / entertainment),Thể thao trong nhà,304,304,1.0
Hà Nội,Nhóm Tham quan & Vui chơi (attraction / entertainment),Spa & Thư giãn,284,285,0.9965
Hà Nội,Nhóm Tham quan & Vui chơi (attraction / entertainment),Karaoke,215,215,1.0
Hà Nội,Nhóm Tham quan & Vui chơi (attraction / entertainment),Nhà hát/Sân khấu,184,187,0.9840000000000001
Hà Nội,Nhóm Tham quan & Vui chơi (attraction / entertainment),Billiards,121,121,1.0
Hà Nội,Nhóm Tham quan & Vui chơi (attraction / entertainment),Thiên nhiên,109,110,0.9909
Hà Nội,Nhóm Tham quan & Vui chơi (attraction / entertainment),Công viên/Quảng trường,90,90,1.0
Hà Nội,Nhóm Tham quan & Vui chơi (attraction / entertainment),Di tích,83,84,0.9881
Hà Nội,Nhóm Tham quan & Vui chơi (attraction / entertainment),Công viên giải trí,78,81,0.963
Hà Nội,Nhóm Tham quan & Vui chơi (attraction / entertainment),Bảo tàng & Không gian trưng bày,41,42,0.9762000000000001
Hà Nội,Nhóm Tham quan & Vui chơi (attraction / entertainment),Đài quan sát & Khu chụp ảnh,36,39,0.9231
Hà Nội,Nhóm Tham quan & Vui chơi (attraction / entertainment),Nông trại,31,31,1.0
Hà Nội,Nhóm Tham quan & Vui chơi (attraction / entertainment),Làng nghề,24,24,1.0
Hà Nội,Nhóm Tham quan & Vui chơi (attraction / entertainment),Bảo tàng nghệ thuật/3D,18,18,1.0
Hà Nội,Nhóm Tham quan & Vui chơi (attraction / entertainment),Rạp phim,16,16,1.0
Hà Nội,Nhóm Tham quan & Vui chơi (attraction / entertainment),Tour có hướng dẫn,16,18,0.8889
Hà Nội,Nhóm Tham quan & Vui chơi (attraction / entertainment),Bãi biển/Vịnh,8,8,1.0
Hà Nội,Nhóm Tham quan & Vui chơi (attraction / entertainment),Phố đi bộ,7,7,1.0
Hà Nội,Nhóm Lưu trú (accommodation),Khách sạn & Resort,197,639,0.30829999999999996
Hà Nội,Nhóm Lưu trú (accommodation),Homestay & Villa,115,234,0.4915
Hà Nội,Nhóm Lưu trú (accommodation),Nhà nghỉ,29,44,0.6591
Hà Nội,Nhóm Mua sắm (shopping),Trung tâm thương mại,137,145,0.9448000000000001
Hà Nội,Nhóm Mua sắm (shopping),Cửa hàng đặc sản/Quà lưu niệm,58,60,0.9667
Hà Nội,Nhóm Mua sắm (shopping),Chợ truyền thống,42,42,1.0
Hà Nội,Nhóm Mua sắm (shopping),Dịch vụ du lịch,22,22,1.0
Hà Nội,Nhóm Mua sắm (shopping),Cửa hàng tiện lợi,13,13,1.0
Lâm Đồng,Nhóm Ẩm thực & Cafe (restaurant / cafe),Quán ăn,861,1026,0.8392000000000001
Lâm Đồng,Nhóm Ẩm thực & Cafe (restaurant / cafe),Cafe & Đồ uống,606,661,0.9168000000000001
Lâm Đồng,Nhóm Ẩm thực & Cafe (restaurant / cafe),Nhà hàng,432,469,0.9211
Lâm Đồng,Nhóm Ẩm thực & Cafe (restaurant / cafe),Tiệm bánh & Tráng miệng,130,148,0.8784000000000001
Lâm Đồng,Nhóm Ẩm thực & Cafe (restaurant / cafe),Pub/Bar,63,65,0.9692000000000001
Lâm Đồng,Nhóm Ẩm thực & Cafe (restaurant / cafe),Quán chay,16,20,0.8
Lâm Đồng,Nhóm Ẩm thực & Cafe (restaurant / cafe),Buffet & Khu ẩm thực,12,12,1.0
Lâm Đồng,Nhóm Tham quan & Vui chơi (attraction / entertainment),Công trình tôn giáo,227,228,0.9956
Lâm Đồng,Nhóm Tham quan & Vui chơi (attraction / entertainment),Thiên nhiên,174,176,0.9886
Lâm Đồng,Nhóm Tham quan & Vui chơi (attraction / entertainment),Nông trại,102,102,1.0
Lâm Đồng,Nhóm Tham quan & Vui chơi (attraction / entertainment),Đài quan sát & Khu chụp ảnh,93,96,0.9688
Lâm Đồng,Nhóm Tham quan & Vui chơi (attraction / entertainment),Bãi biển/Vịnh,78,79,0.9873000000000001
Lâm Đồng,Nhóm Tham quan & Vui chơi (attraction / entertainment),Spa & Thư giãn,76,76,1.0
Lâm Đồng,Nhóm Tham quan & Vui chơi (attraction / entertainment),Thể thao ngoài trời,75,79,0.9494
Lâm Đồng,Nhóm Tham quan & Vui chơi (attraction / entertainment),Công viên/Quảng trường,49,52,0.9423
Lâm Đồng,Nhóm Tham quan & Vui chơi (attraction / entertainment),Di tích,45,46,0.9783
Lâm Đồng,Nhóm Tham quan & Vui chơi (attraction / entertainment),Karaoke,32,32,1.0
Lâm Đồng,Nhóm Tham quan & Vui chơi (attraction / entertainment),Thể thao trong nhà,24,24,1.0
Lâm Đồng,Nhóm Tham quan & Vui chơi (attraction / entertainment),Billiards,20,20,1.0
Lâm Đồng,Nhóm Tham quan & Vui chơi (attraction / entertainment),Công viên giải trí,20,26,0.7692
Lâm Đồng,Nhóm Tham quan & Vui chơi (attraction / entertainment),Nhà hát/Sân khấu,10,10,1.0
Lâm Đồng,Nhóm Tham quan & Vui chơi (attraction / entertainment),Bảo tàng & Không gian trưng bày,9,11,0.8181999999999999
Lâm Đồng,Nhóm Tham quan & Vui chơi (attraction / entertainment),Làng nghề,9,9,1.0
Lâm Đồng,Nhóm Tham quan & Vui chơi (attraction / entertainment),Tour có hướng dẫn,7,8,0.875
Lâm Đồng,Nhóm Tham quan & Vui chơi (attraction / entertainment),Bảo tàng nghệ thuật/3D,4,4,1.0
Lâm Đồng,Nhóm Tham quan & Vui chơi (attraction / entertainment),Rạp phim,2,2,1.0
Lâm Đồng,Nhóm Lưu trú (accommodation),Homestay & Villa,303,400,0.7575
Lâm Đồng,Nhóm Lưu trú (accommodation),Khách sạn & Resort,254,555,0.45770000000000005
Lâm Đồng,Nhóm Lưu trú (accommodation),Nhà nghỉ,19,24,0.7917000000000001
Lâm Đồng,Nhóm Mua sắm (shopping),Cửa hàng đặc sản/Quà lưu niệm,55,58,0.9483
Lâm Đồng,Nhóm Mua sắm (shopping),Chợ truyền thống,29,29,1.0
Lâm Đồng,Nhóm Mua sắm (shopping),Dịch vụ du lịch,29,29,1.0
Lâm Đồng,Nhóm Mua sắm (shopping),Trung tâm thương mại,13,13,1.0
Lâm Đồng,Nhóm Mua sắm (shopping),Cửa hàng tiện lợi,2,2,1.0
Khánh Hòa,Nhóm Ẩm thực & Cafe (restaurant / cafe),Quán ăn,627,887,0.7069
Khánh Hòa,Nhóm Ẩm thực & Cafe (restaurant / cafe),Nhà hàng,324,376,0.8617
Khánh Hòa,Nhóm Ẩm thực & Cafe (restaurant / cafe),Cafe & Đồ uống,215,350,0.6143
Khánh Hòa,Nhóm Ẩm thực & Cafe (restaurant / cafe),Tiệm bánh & Tráng miệng,119,159,0.7484000000000001
Khánh Hòa,Nhóm Ẩm thực & Cafe (restaurant / cafe),Pub/Bar,40,42,0.9523999999999999
Khánh Hòa,Nhóm Ẩm thực & Cafe (restaurant / cafe),Buffet & Khu ẩm thực,18,18,1.0
Khánh Hòa,Nhóm Ẩm thực & Cafe (restaurant / cafe),Quán chay,16,19,0.8421
Khánh Hòa,Nhóm Tham quan & Vui chơi (attraction / entertainment),Công trình tôn giáo,313,313,1.0
Khánh Hòa,Nhóm Tham quan & Vui chơi (attraction / entertainment),Spa & Thư giãn,173,176,0.983
Khánh Hòa,Nhóm Tham quan & Vui chơi (attraction / entertainment),Bãi biển/Vịnh,134,135,0.9926
Khánh Hòa,Nhóm Tham quan & Vui chơi (attraction / entertainment),Thể thao trong nhà,113,113,1.0
Khánh Hòa,Nhóm Tham quan & Vui chơi (attraction / entertainment),Thể thao ngoài trời,102,102,1.0
Khánh Hòa,Nhóm Tham quan & Vui chơi (attraction / entertainment),Thiên nhiên,97,98,0.9898
Khánh Hòa,Nhóm Tham quan & Vui chơi (attraction / entertainment),Công viên/Quảng trường,56,56,1.0
Khánh Hòa,Nhóm Tham quan & Vui chơi (attraction / entertainment),Di tích,53,55,0.9636
Khánh Hòa,Nhóm Tham quan & Vui chơi (attraction / entertainment),Nông trại,49,49,1.0
Khánh Hòa,Nhóm Tham quan & Vui chơi (attraction / entertainment),Billiards,47,47,1.0
Khánh Hòa,Nhóm Tham quan & Vui chơi (attraction / entertainment),Công viên giải trí,41,42,0.9762000000000001
Khánh Hòa,Nhóm Tham quan & Vui chơi (attraction / entertainment),Karaoke,32,32,1.0
Khánh Hòa,Nhóm Tham quan & Vui chơi (attraction / entertainment),Đài quan sát & Khu chụp ảnh,29,31,0.9355
Khánh Hòa,Nhóm Tham quan & Vui chơi (attraction / entertainment),Nhà hát/Sân khấu,21,24,0.875
Khánh Hòa,Nhóm Tham quan & Vui chơi (attraction / entertainment),Tour có hướng dẫn,18,18,1.0
Khánh Hòa,Nhóm Tham quan & Vui chơi (attraction / entertainment),Bảo tàng & Không gian trưng bày,10,10,1.0
Khánh Hòa,Nhóm Tham quan & Vui chơi (attraction / entertainment),Làng nghề,6,7,0.8571
Khánh Hòa,Nhóm Tham quan & Vui chơi (attraction / entertainment),Rạp phim,5,5,1.0
Khánh Hòa,Nhóm Tham quan & Vui chơi (attraction / entertainment),Bảo tàng nghệ thuật/3D,4,4,1.0
Khánh Hòa,Nhóm Tham quan & Vui chơi (attraction / entertainment),Phố đi bộ,1,1,1.0
Khánh Hòa,Nhóm Lưu trú (accommodation),Khách sạn & Resort,218,439,0.4966
Khánh Hòa,Nhóm Lưu trú (accommodation),Homestay & Villa,110,160,0.6875
Khánh Hòa,Nhóm Lưu trú (accommodation),Nhà nghỉ,22,26,0.8462000000000001
Khánh Hòa,Nhóm Mua sắm (shopping),Cửa hàng đặc sản/Quà lưu niệm,51,54,0.9444
Khánh Hòa,Nhóm Mua sắm (shopping),Chợ truyền thống,44,44,1.0
Khánh Hòa,Nhóm Mua sắm (shopping),Trung tâm thương mại,32,33,0.9697
Khánh Hòa,Nhóm Mua sắm (shopping),Dịch vụ du lịch,18,18,1.0
Khánh Hòa,Nhóm Mua sắm (shopping),Cửa hàng tiện lợi,1,1,1.0
An Giang,Nhóm Ẩm thực & Cafe (restaurant / cafe),Quán ăn,587,594,0.9882
An Giang,Nhóm Ẩm thực & Cafe (restaurant / cafe),Cafe & Đồ uống,362,369,0.981
An Giang,Nhóm Ẩm thực & Cafe (restaurant / cafe),Nhà hàng,280,280,1.0
An Giang,Nhóm Ẩm thực & Cafe (restaurant / cafe),Tiệm bánh & Tráng miệng,96,97,0.9897
An Giang,Nhóm Ẩm thực & Cafe (restaurant / cafe),Pub/Bar,55,55,1.0
An Giang,Nhóm Ẩm thực & Cafe (restaurant / cafe),Buffet & Khu ẩm thực,15,15,1.0
An Giang,Nhóm Ẩm thực & Cafe (restaurant / cafe),Quán chay,15,15,1.0
An Giang,Nhóm Tham quan & Vui chơi (attraction / entertainment),Công trình tôn giáo,188,188,1.0
An Giang,Nhóm Tham quan & Vui chơi (attraction / entertainment),Bãi biển/Vịnh,124,124,1.0
An Giang,Nhóm Tham quan & Vui chơi (attraction / entertainment),Spa & Thư giãn,113,113,1.0
An Giang,Nhóm Tham quan & Vui chơi (attraction / entertainment),Thiên nhiên,85,85,1.0
An Giang,Nhóm Tham quan & Vui chơi (attraction / entertainment),Thể thao ngoài trời,56,57,0.9825
An Giang,Nhóm Tham quan & Vui chơi (attraction / entertainment),Công viên/Quảng trường,39,40,0.975
An Giang,Nhóm Tham quan & Vui chơi (attraction / entertainment),Công viên giải trí,38,39,0.9743999999999999
An Giang,Nhóm Tham quan & Vui chơi (attraction / entertainment),Karaoke,38,38,1.0
An Giang,Nhóm Tham quan & Vui chơi (attraction / entertainment),Di tích,37,37,1.0
An Giang,Nhóm Tham quan & Vui chơi (attraction / entertainment),Đài quan sát & Khu chụp ảnh,34,37,0.9189
An Giang,Nhóm Tham quan & Vui chơi (attraction / entertainment),Nông trại,32,32,1.0
An Giang,Nhóm Tham quan & Vui chơi (attraction / entertainment),Thể thao trong nhà,28,28,1.0
An Giang,Nhóm Tham quan & Vui chơi (attraction / entertainment),Tour có hướng dẫn,15,17,0.8824
An Giang,Nhóm Tham quan & Vui chơi (attraction / entertainment),Làng nghề,9,9,1.0
An Giang,Nhóm Tham quan & Vui chơi (attraction / entertainment),Billiards,8,8,1.0
An Giang,Nhóm Tham quan & Vui chơi (attraction / entertainment),Nhà hát/Sân khấu,8,9,0.8889
An Giang,Nhóm Tham quan & Vui chơi (attraction / entertainment),Rạp phim,6,6,1.0
An Giang,Nhóm Tham quan & Vui chơi (attraction / entertainment),Bảo tàng & Không gian trưng bày,5,6,0.8332999999999999
An Giang,Nhóm Tham quan & Vui chơi (attraction / entertainment),Phố đi bộ,2,2,1.0
An Giang,Nhóm Tham quan & Vui chơi (attraction / entertainment),Bảo tàng nghệ thuật/3D,2,2,1.0
An Giang,Nhóm Lưu trú (accommodation),Khách sạn & Resort,150,385,0.3896
An Giang,Nhóm Lưu trú (accommodation),Homestay & Villa,50,110,0.4545
An Giang,Nhóm Lưu trú (accommodation),Nhà nghỉ,5,13,0.3846
An Giang,Nhóm Mua sắm (shopping),Chợ truyền thống,29,29,1.0
An Giang,Nhóm Mua sắm (shopping),Trung tâm thương mại,17,17,1.0
An Giang,Nhóm Mua sắm (shopping),Cửa hàng đặc sản/Quà lưu niệm,14,14,1.0
An Giang,Nhóm Mua sắm (shopping),Dịch vụ du lịch,7,7,1.0
Cần Thơ,Nhóm Ẩm thực & Cafe (restaurant / cafe),Quán ăn,971,1247,0.7787000000000001
Cần Thơ,Nhóm Ẩm thực & Cafe (restaurant / cafe),Cafe & Đồ uống,288,383,0.752
Cần Thơ,Nhóm Ẩm thực & Cafe (restaurant / cafe),Nhà hàng,232,270,0.8593000000000001
Cần Thơ,Nhóm Ẩm thực & Cafe (restaurant / cafe),Tiệm bánh & Tráng miệng,182,232,0.7845
Cần Thơ,Nhóm Ẩm thực & Cafe (restaurant / cafe),Quán chay,39,52,0.75
Cần Thơ,Nhóm Ẩm thực & Cafe (restaurant / cafe),Buffet & Khu ẩm thực,15,16,0.9375
Cần Thơ,Nhóm Ẩm thực & Cafe (restaurant / cafe),Pub/Bar,10,12,0.8332999999999999
Cần Thơ,Nhóm Tham quan & Vui chơi (attraction / entertainment),Công trình tôn giáo,188,188,1.0
Cần Thơ,Nhóm Tham quan & Vui chơi (attraction / entertainment),Karaoke,46,46,1.0
Cần Thơ,Nhóm Tham quan & Vui chơi (attraction / entertainment),Công viên/Quảng trường,37,37,1.0
Cần Thơ,Nhóm Tham quan & Vui chơi (attraction / entertainment),Thể thao trong nhà,35,35,1.0
Cần Thơ,Nhóm Tham quan & Vui chơi (attraction / entertainment),Spa & Thư giãn,32,32,1.0
Cần Thơ,Nhóm Tham quan & Vui chơi (attraction / entertainment),Di tích,28,28,1.0
Cần Thơ,Nhóm Tham quan & Vui chơi (attraction / entertainment),Thiên nhiên,28,28,1.0
Cần Thơ,Nhóm Tham quan & Vui chơi (attraction / entertainment),Nông trại,26,27,0.963
Cần Thơ,Nhóm Tham quan & Vui chơi (attraction / entertainment),Thể thao ngoài trời,21,21,1.0
Cần Thơ,Nhóm Tham quan & Vui chơi (attraction / entertainment),Công viên giải trí,14,14,1.0
Cần Thơ,Nhóm Tham quan & Vui chơi (attraction / entertainment),Đài quan sát & Khu chụp ảnh,10,10,1.0
Cần Thơ,Nhóm Tham quan & Vui chơi (attraction / entertainment),Bảo tàng & Không gian trưng bày,9,9,1.0
Cần Thơ,Nhóm Tham quan & Vui chơi (attraction / entertainment),Bãi biển/Vịnh,8,9,0.8889
Cần Thơ,Nhóm Tham quan & Vui chơi (attraction / entertainment),Nhà hát/Sân khấu,7,7,1.0
Cần Thơ,Nhóm Tham quan & Vui chơi (attraction / entertainment),Tour có hướng dẫn,6,6,1.0
Cần Thơ,Nhóm Tham quan & Vui chơi (attraction / entertainment),Billiards,6,6,1.0
Cần Thơ,Nhóm Tham quan & Vui chơi (attraction / entertainment),Rạp phim,5,5,1.0
Cần Thơ,Nhóm Tham quan & Vui chơi (attraction / entertainment),Phố đi bộ,1,1,1.0
Cần Thơ,Nhóm Tham quan & Vui chơi (attraction / entertainment),Làng nghề,1,1,1.0
Cần Thơ,Nhóm Lưu trú (accommodation),Khách sạn & Resort,65,171,0.3801
Cần Thơ,Nhóm Lưu trú (accommodation),Homestay & Villa,31,55,0.5636
Cần Thơ,Nhóm Lưu trú (accommodation),Nhà nghỉ,6,16,0.375
Cần Thơ,Nhóm Mua sắm (shopping),Trung tâm thương mại,73,77,0.9481
Cần Thơ,Nhóm Mua sắm (shopping),Chợ truyền thống,57,58,0.9828
Cần Thơ,Nhóm Mua sắm (shopping),Cửa hàng đặc sản/Quà lưu niệm,38,38,1.0
Cần Thơ,Nhóm Mua sắm (shopping),Dịch vụ du lịch,12,12,1.0
Cần Thơ,Nhóm Mua sắm (shopping),Cửa hàng tiện lợi,4,4,1.0
Đắk Lắk,Nhóm Ẩm thực & Cafe (restaurant / cafe),Quán ăn,576,608,0.9473999999999999
Đắk Lắk,Nhóm Ẩm thực & Cafe (restaurant / cafe),Cafe & Đồ uống,496,504,0.9841
Đắk Lắk,Nhóm Ẩm thực & Cafe (restaurant / cafe),Nhà hàng,174,177,0.9831
Đắk Lắk,Nhóm Ẩm thực & Cafe (restaurant / cafe),Tiệm bánh & Tráng miệng,119,122,0.9754
Đắk Lắk,Nhóm Ẩm thực & Cafe (restaurant / cafe),Pub/Bar,11,11,1.0
Đắk Lắk,Nhóm Ẩm thực & Cafe (restaurant / cafe),Quán chay,11,11,1.0
Đắk Lắk,Nhóm Ẩm thực & Cafe (restaurant / cafe),Buffet & Khu ẩm thực,5,5,1.0
Đắk Lắk,Nhóm Tham quan & Vui chơi (attraction / entertainment),Thiên nhiên,61,61,1.0
Đắk Lắk,Nhóm Tham quan & Vui chơi (attraction / entertainment),Công trình tôn giáo,47,47,1.0
Đắk Lắk,Nhóm Tham quan & Vui chơi (attraction / entertainment),Bãi biển/Vịnh,26,26,1.0
Đắk Lắk,Nhóm Tham quan & Vui chơi (attraction / entertainment),Karaoke,24,24,1.0
Đắk Lắk,Nhóm Tham quan & Vui chơi (attraction / entertainment),Spa & Thư giãn,21,21,1.0
Đắk Lắk,Nhóm Tham quan & Vui chơi (attraction / entertainment),Công viên/Quảng trường,19,19,1.0
Đắk Lắk,Nhóm Tham quan & Vui chơi (attraction / entertainment),Nông trại,16,16,1.0
Đắk Lắk,Nhóm Tham quan & Vui chơi (attraction / entertainment),Di tích,14,14,1.0
Đắk Lắk,Nhóm Tham quan & Vui chơi (attraction / entertainment),Đài quan sát & Khu chụp ảnh,11,11,1.0
Đắk Lắk,Nhóm Tham quan & Vui chơi (attraction / entertainment),Thể thao trong nhà,10,10,1.0
Đắk Lắk,Nhóm Tham quan & Vui chơi (attraction / entertainment),Thể thao ngoài trời,7,7,1.0
Đắk Lắk,Nhóm Tham quan & Vui chơi (attraction / entertainment),Billiards,7,7,1.0
Đắk Lắk,Nhóm Tham quan & Vui chơi (attraction / entertainment),Rạp phim,6,6,1.0
Đắk Lắk,Nhóm Tham quan & Vui chơi (attraction / entertainment),Công viên giải trí,4,4,1.0
Đắk Lắk,Nhóm Tham quan & Vui chơi (attraction / entertainment),Bảo tàng & Không gian trưng bày,3,4,0.75
Đắk Lắk,Nhóm Tham quan & Vui chơi (attraction / entertainment),Làng nghề,3,3,1.0
Đắk Lắk,Nhóm Tham quan & Vui chơi (attraction / entertainment),Nhà hát/Sân khấu,2,2,1.0
Đắk Lắk,Nhóm Lưu trú (accommodation),Homestay & Villa,34,47,0.7234
Đắk Lắk,Nhóm Lưu trú (accommodation),Khách sạn & Resort,32,87,0.3678
Đắk Lắk,Nhóm Lưu trú (accommodation),Nhà nghỉ,2,6,0.3333
Đắk Lắk,Nhóm Mua sắm (shopping),Cửa hàng đặc sản/Quà lưu niệm,29,29,1.0
Đắk Lắk,Nhóm Mua sắm (shopping),Chợ truyền thống,22,22,1.0
Đắk Lắk,Nhóm Mua sắm (shopping),Dịch vụ du lịch,14,14,1.0
Đắk Lắk,Nhóm Mua sắm (shopping),Trung tâm thương mại,14,14,1.0
Đắk Lắk,Nhóm Mua sắm (shopping),Cửa hàng tiện lợi,1,1,1.0
Đồng Nai,Nhóm Ẩm thực & Cafe (restaurant / cafe),Quán ăn,457,715,0.6392
Đồng Nai,Nhóm Ẩm thực & Cafe (restaurant / cafe),Cafe & Đồ uống,238,324,0.7345999999999999
Đồng Nai,Nhóm Ẩm thực & Cafe (restaurant / cafe),Nhà hàng,141,202,0.698
Đồng Nai,Nhóm Ẩm thực & Cafe (restaurant / cafe),Tiệm bánh & Tráng miệng,68,107,0.6355
Đồng Nai,Nhóm Ẩm thực & Cafe (restaurant / cafe),Quán chay,9,15,0.6
Đồng Nai,Nhóm Ẩm thực & Cafe (restaurant / cafe),Pub/Bar,7,7,1.0
Đồng Nai,Nhóm Ẩm thực & Cafe (restaurant / cafe),Buffet & Khu ẩm thực,3,3,1.0
Đồng Nai,Nhóm Tham quan & Vui chơi (attraction / entertainment),Công trình tôn giáo,265,265,1.0
Đồng Nai,Nhóm Tham quan & Vui chơi (attraction / entertainment),Thiên nhiên,76,76,1.0
Đồng Nai,Nhóm Tham quan & Vui chơi (attraction / entertainment),Karaoke,72,72,1.0
Đồng Nai,Nhóm Tham quan & Vui chơi (attraction / entertainment),Thể thao ngoài trời,50,51,0.9804
Đồng Nai,Nhóm Tham quan & Vui chơi (attraction / entertainment),Công viên/Quảng trường,33,33,1.0
Đồng Nai,Nhóm Tham quan & Vui chơi (attraction / entertainment),Di tích,29,29,1.0
Đồng Nai,Nhóm Tham quan & Vui chơi (attraction / entertainment),Thể thao trong nhà,22,22,1.0
Đồng Nai,Nhóm Tham quan & Vui chơi (attraction / entertainment),Công viên giải trí,16,16,1.0
Đồng Nai,Nhóm Tham quan & Vui chơi (attraction / entertainment),Nông trại,16,17,0.9412
Đồng Nai,Nhóm Tham quan & Vui chơi (attraction / entertainment),Spa & Thư giãn,15,20,0.75
Đồng Nai,Nhóm Tham quan & Vui chơi (attraction / entertainment),Billiards,13,13,1.0
Đồng Nai,Nhóm Tham quan & Vui chơi (attraction / entertainment),Rạp phim,10,10,1.0
Đồng Nai,Nhóm Tham quan & Vui chơi (attraction / entertainment),Nhà hát/Sân khấu,9,9,1.0
Đồng Nai,Nhóm Tham quan & Vui chơi (attraction / entertainment),Bảo tàng & Không gian trưng bày,4,4,1.0
Đồng Nai,Nhóm Tham quan & Vui chơi (attraction / entertainment),Phố đi bộ,3,3,1.0
Đồng Nai,Nhóm Tham quan & Vui chơi (attraction / entertainment),Bãi biển/Vịnh,3,3,1.0
Đồng Nai,Nhóm Tham quan & Vui chơi (attraction / entertainment),Tour có hướng dẫn,3,3,1.0
Đồng Nai,Nhóm Tham quan & Vui chơi (attraction / entertainment),Làng nghề,2,2,1.0
Đồng Nai,Nhóm Tham quan & Vui chơi (attraction / entertainment),Đài quan sát & Khu chụp ảnh,1,1,1.0
Đồng Nai,Nhóm Lưu trú (accommodation),Khách sạn & Resort,19,43,0.44189999999999996
Đồng Nai,Nhóm Lưu trú (accommodation),Homestay & Villa,15,25,0.6
Đồng Nai,Nhóm Mua sắm (shopping),Chợ truyền thống,91,91,1.0
Đồng Nai,Nhóm Mua sắm (shopping),Cửa hàng đặc sản/Quà lưu niệm,47,50,0.94
Đồng Nai,Nhóm Mua sắm (shopping),Trung tâm thương mại,34,39,0.8718
Đồng Nai,Nhóm Mua sắm (shopping),Dịch vụ du lịch,6,6,1.0
Đồng Nai,Nhóm Mua sắm (shopping),Cửa hàng tiện lợi,4,4,1.0
Thừa Thiên Huế,Nhóm Ẩm thực & Cafe (restaurant / cafe),Quán ăn,559,857,0.6523
Thừa Thiên Huế,Nhóm Ẩm thực & Cafe (restaurant / cafe),Cafe & Đồ uống,299,450,0.6644
Thừa Thiên Huế,Nhóm Ẩm thực & Cafe (restaurant / cafe),Nhà hàng,150,184,0.8151999999999999
Thừa Thiên Huế,Nhóm Ẩm thực & Cafe (restaurant / cafe),Tiệm bánh & Tráng miệng,129,176,0.733
Thừa Thiên Huế,Nhóm Ẩm thực & Cafe (restaurant / cafe),Pub/Bar,24,28,0.8571
Thừa Thiên Huế,Nhóm Ẩm thực & Cafe (restaurant / cafe),Quán chay,19,29,0.6552
Thừa Thiên Huế,Nhóm Ẩm thực & Cafe (restaurant / cafe),Buffet & Khu ẩm thực,12,12,1.0
Thừa Thiên Huế,Nhóm Tham quan & Vui chơi (attraction / entertainment),Di tích,46,47,0.9787
Thừa Thiên Huế,Nhóm Tham quan & Vui chơi (attraction / entertainment),Công trình tôn giáo,37,38,0.9737
Thừa Thiên Huế,Nhóm Tham quan & Vui chơi (attraction / entertainment),Spa & Thư giãn,20,20,1.0
Thừa Thiên Huế,Nhóm Tham quan & Vui chơi (attraction / entertainment),Thiên nhiên,18,18,1.0
Thừa Thiên Huế,Nhóm Tham quan & Vui chơi (attraction / entertainment),Công viên giải trí,14,14,1.0
Thừa Thiên Huế,Nhóm Tham quan & Vui chơi (attraction / entertainment),Đài quan sát & Khu chụp ảnh,4,4,1.0
Thừa Thiên Huế,Nhóm Tham quan & Vui chơi (attraction / entertainment),Karaoke,4,4,1.0
Thừa Thiên Huế,Nhóm Tham quan & Vui chơi (attraction / entertainment),Thể thao ngoài trời,3,3,1.0
Thừa Thiên Huế,Nhóm Tham quan & Vui chơi (attraction / entertainment),Billiards,3,3,1.0
Thừa Thiên Huế,Nhóm Tham quan & Vui chơi (attraction / entertainment),Bãi biển/Vịnh,3,3,1.0
Thừa Thiên Huế,Nhóm Tham quan & Vui chơi (attraction / entertainment),Công viên/Quảng trường,3,3,1.0
Thừa Thiên Huế,Nhóm Tham quan & Vui chơi (attraction / entertainment),Làng nghề,2,2,1.0
Thừa Thiên Huế,Nhóm Tham quan & Vui chơi (attraction / entertainment),Thể thao trong nhà,2,2,1.0
Thừa Thiên Huế,Nhóm Tham quan & Vui chơi (attraction / entertainment),Phố đi bộ,1,1,1.0
Thừa Thiên Huế,Nhóm Tham quan & Vui chơi (attraction / entertainment),Rạp phim,1,1,1.0
Thừa Thiên Huế,Nhóm Tham quan & Vui chơi (attraction / entertainment),Tour có hướng dẫn,1,1,1.0
Thừa Thiên Huế,Nhóm Tham quan & Vui chơi (attraction / entertainment),Nhà hát/Sân khấu,1,1,1.0
Thừa Thiên Huế,Nhóm Lưu trú (accommodation),Khách sạn & Resort,41,108,0.3796
Thừa Thiên Huế,Nhóm Lưu trú (accommodation),Homestay & Villa,39,73,0.5342
Thừa Thiên Huế,Nhóm Lưu trú (accommodation),Nhà nghỉ,2,10,0.2
Thừa Thiên Huế,Nhóm Mua sắm (shopping),Cửa hàng đặc sản/Quà lưu niệm,61,66,0.9242
Thừa Thiên Huế,Nhóm Mua sắm (shopping),Chợ truyền thống,33,33,1.0
Thừa Thiên Huế,Nhóm Mua sắm (shopping),Trung tâm thương mại,16,17,0.9412
Thừa Thiên Huế,Nhóm Mua sắm (shopping),Dịch vụ du lịch,7,7,1.0
Thừa Thiên Huế,Nhóm Mua sắm (shopping),Cửa hàng tiện lợi,2,2,1.0
Quảng Ninh,Nhóm Ẩm thực & Cafe (restaurant / cafe),Quán ăn,355,402,0.8831
Quảng Ninh,Nhóm Ẩm thực & Cafe (restaurant / cafe),Nhà hàng,233,240,0.9708
Quảng Ninh,Nhóm Ẩm thực & Cafe (restaurant / cafe),Cafe & Đồ uống,199,236,0.8432
Quảng Ninh,Nhóm Ẩm thực & Cafe (restaurant / cafe),Tiệm bánh & Tráng miệng,121,128,0.9453
Quảng Ninh,Nhóm Ẩm thực & Cafe (restaurant / cafe),Pub/Bar,47,47,1.0
Quảng Ninh,Nhóm Ẩm thực & Cafe (restaurant / cafe),Buffet & Khu ẩm thực,10,10,1.0
Quảng Ninh,Nhóm Ẩm thực & Cafe (restaurant / cafe),Quán chay,8,9,0.8889
Quảng Ninh,Nhóm Tham quan & Vui chơi (attraction / entertainment),Bãi biển/Vịnh,32,32,1.0
Quảng Ninh,Nhóm Tham quan & Vui chơi (attraction / entertainment),Karaoke,26,26,1.0
Quảng Ninh,Nhóm Tham quan & Vui chơi (attraction / entertainment),Thiên nhiên,22,22,1.0
Quảng Ninh,Nhóm Tham quan & Vui chơi (attraction / entertainment),Spa & Thư giãn,11,11,1.0
Quảng Ninh,Nhóm Tham quan & Vui chơi (attraction / entertainment),Công trình tôn giáo,10,10,1.0
Quảng Ninh,Nhóm Tham quan & Vui chơi (attraction / entertainment),Công viên giải trí,9,9,1.0
Quảng Ninh,Nhóm Tham quan & Vui chơi (attraction / entertainment),Thể thao trong nhà,8,8,1.0
Quảng Ninh,Nhóm Tham quan & Vui chơi (attraction / entertainment),Đài quan sát & Khu chụp ảnh,4,4,1.0
Quảng Ninh,Nhóm Tham quan & Vui chơi (attraction / entertainment),Rạp phim,4,4,1.0
Quảng Ninh,Nhóm Tham quan & Vui chơi (attraction / entertainment),Làng nghề,2,2,1.0
Quảng Ninh,Nhóm Tham quan & Vui chơi (attraction / entertainment),Nông trại,1,1,1.0
Quảng Ninh,Nhóm Tham quan & Vui chơi (attraction / entertainment),Phố đi bộ,1,1,1.0
Quảng Ninh,Nhóm Tham quan & Vui chơi (attraction / entertainment),Di tích,1,1,1.0
Quảng Ninh,Nhóm Tham quan & Vui chơi (attraction / entertainment),Công viên/Quảng trường,1,1,1.0
Quảng Ninh,Nhóm Tham quan & Vui chơi (attraction / entertainment),Bảo tàng nghệ thuật/3D,1,1,1.0
Quảng Ninh,Nhóm Tham quan & Vui chơi (attraction / entertainment),Thể thao ngoài trời,1,1,1.0
Quảng Ninh,Nhóm Tham quan & Vui chơi (attraction / entertainment),Bảo tàng & Không gian trưng bày,1,1,1.0
Quảng Ninh,Nhóm Tham quan & Vui chơi (attraction / entertainment),Tour có hướng dẫn,1,1,1.0
Quảng Ninh,Nhóm Tham quan & Vui chơi (attraction / entertainment),Billiards,1,1,1.0
Quảng Ninh,Nhóm Lưu trú (accommodation),Khách sạn & Resort,129,237,0.5443
Quảng Ninh,Nhóm Lưu trú (accommodation),Homestay & Villa,32,45,0.7111
Quảng Ninh,Nhóm Lưu trú (accommodation),Nhà nghỉ,5,6,0.8332999999999999
Quảng Ninh,Nhóm Mua sắm (shopping),Cửa hàng đặc sản/Quà lưu niệm,22,22,1.0
Quảng Ninh,Nhóm Mua sắm (shopping),Chợ truyền thống,13,14,0.9286
Quảng Ninh,Nhóm Mua sắm (shopping),Trung tâm thương mại,8,8,1.0
Quảng Ninh,Nhóm Mua sắm (shopping),Dịch vụ du lịch,5,5,1.0
Quảng Ninh,Nhóm Mua sắm (shopping),Cửa hàng tiện lợi,3,3,1.0
Vĩnh Long,Nhóm Ẩm thực & Cafe (restaurant / cafe),Quán ăn,342,348,0.9828
Vĩnh Long,Nhóm Ẩm thực & Cafe (restaurant / cafe),Cafe & Đồ uống,215,216,0.9954000000000001
Vĩnh Long,Nhóm Ẩm thực & Cafe (restaurant / cafe),Nhà hàng,92,92,1.0
Vĩnh Long,Nhóm Ẩm thực & Cafe (restaurant / cafe),Tiệm bánh & Tráng miệng,58,58,1.0
Vĩnh Long,Nhóm Ẩm thực & Cafe (restaurant / cafe),Pub/Bar,12,12,1.0
Vĩnh Long,Nhóm Ẩm thực & Cafe (restaurant / cafe),Quán chay,11,11,1.0
Vĩnh Long,Nhóm Ẩm thực & Cafe (restaurant / cafe),Buffet & Khu ẩm thực,6,6,1.0
Vĩnh Long,Nhóm Tham quan & Vui chơi (attraction / entertainment),Công trình tôn giáo,217,217,1.0
Vĩnh Long,Nhóm Tham quan & Vui chơi (attraction / entertainment),Karaoke,46,46,1.0
Vĩnh Long,Nhóm Tham quan & Vui chơi (attraction / entertainment),Thiên nhiên,29,29,1.0
Vĩnh Long,Nhóm Tham quan & Vui chơi (attraction / entertainment),Công viên/Quảng trường,27,27,1.0
Vĩnh Long,Nhóm Tham quan & Vui chơi (attraction / entertainment),Di tích,26,26,1.0
Vĩnh Long,Nhóm Tham quan & Vui chơi (attraction / entertainment),Thể thao trong nhà,18,18,1.0
Vĩnh Long,Nhóm Tham quan & Vui chơi (attraction / entertainment),Nông trại,15,15,1.0
Vĩnh Long,Nhóm Tham quan & Vui chơi (attraction / entertainment),Bãi biển/Vịnh,11,11,1.0
Vĩnh Long,Nhóm Tham quan & Vui chơi (attraction / entertainment),Spa & Thư giãn,11,11,1.0
Vĩnh Long,Nhóm Tham quan & Vui chơi (attraction / entertainment),Thể thao ngoài trời,9,9,1.0
Vĩnh Long,Nhóm Tham quan & Vui chơi (attraction / entertainment),Bảo tàng & Không gian trưng bày,8,8,1.0
Vĩnh Long,Nhóm Tham quan & Vui chơi (attraction / entertainment),Billiards,7,7,1.0
Vĩnh Long,Nhóm Tham quan & Vui chơi (attraction / entertainment),Làng nghề,7,7,1.0
Vĩnh Long,Nhóm Tham quan & Vui chơi (attraction / entertainment),Đài quan sát & Khu chụp ảnh,5,5,1.0
Vĩnh Long,Nhóm Tham quan & Vui chơi (attraction / entertainment),Rạp phim,4,4,1.0
Vĩnh Long,Nhóm Tham quan & Vui chơi (attraction / entertainment),Công viên giải trí,4,5,0.8
Vĩnh Long,Nhóm Tham quan & Vui chơi (attraction / entertainment),Tour có hướng dẫn,3,3,1.0
Vĩnh Long,Nhóm Lưu trú (accommodation),Homestay & Villa,26,41,0.6341
Vĩnh Long,Nhóm Lưu trú (accommodation),Khách sạn & Resort,12,40,0.3
Vĩnh Long,Nhóm Mua sắm (shopping),Chợ truyền thống,40,40,1.0
Vĩnh Long,Nhóm Mua sắm (shopping),Trung tâm thương mại,10,10,1.0
Vĩnh Long,Nhóm Mua sắm (shopping),Cửa hàng đặc sản/Quà lưu niệm,6,6,1.0
Vĩnh Long,Nhóm Mua sắm (shopping),Cửa hàng tiện lợi,1,1,1.0
Vĩnh Long,Nhóm Mua sắm (shopping),Dịch vụ du lịch,1,1,1.0
Tây Ninh,Nhóm Ẩm thực & Cafe (restaurant / cafe),Quán ăn,266,270,0.9852
Tây Ninh,Nhóm Ẩm thực & Cafe (restaurant / cafe),Cafe & Đồ uống,192,194,0.9897
Tây Ninh,Nhóm Ẩm thực & Cafe (restaurant / cafe),Nhà hàng,49,50,0.98
Tây Ninh,Nhóm Ẩm thực & Cafe (restaurant / cafe),Tiệm bánh & Tráng miệng,42,42,1.0
Tây Ninh,Nhóm Ẩm thực & Cafe (restaurant / cafe),Quán chay,9,9,1.0
Tây Ninh,Nhóm Ẩm thực & Cafe (restaurant / cafe),Pub/Bar,4,4,1.0
Tây Ninh,Nhóm Ẩm thực & Cafe (restaurant / cafe),Buffet & Khu ẩm thực,2,2,1.0
Tây Ninh,Nhóm Tham quan & Vui chơi (attraction / entertainment),Công trình tôn giáo,286,286,1.0
Tây Ninh,Nhóm Tham quan & Vui chơi (attraction / entertainment),Thể thao ngoài trời,55,55,1.0
Tây Ninh,Nhóm Tham quan & Vui chơi (attraction / entertainment),Di tích,47,47,1.0
Tây Ninh,Nhóm Tham quan & Vui chơi (attraction / entertainment),Thể thao trong nhà,45,45,1.0
Tây Ninh,Nhóm Tham quan & Vui chơi (attraction / entertainment),Công viên/Quảng trường,42,42,1.0
Tây Ninh,Nhóm Tham quan & Vui chơi (attraction / entertainment),Nông trại,29,29,1.0
Tây Ninh,Nhóm Tham quan & Vui chơi (attraction / entertainment),Thiên nhiên,27,27,1.0
Tây Ninh,Nhóm Tham quan & Vui chơi (attraction / entertainment),Công viên giải trí,25,25,1.0
Tây Ninh,Nhóm Tham quan & Vui chơi (attraction / entertainment),Billiards,22,22,1.0
Tây Ninh,Nhóm Tham quan & Vui chơi (attraction / entertainment),Spa & Thư giãn,15,15,1.0
Tây Ninh,Nhóm Tham quan & Vui chơi (attraction / entertainment),Nhà hát/Sân khấu,10,10,1.0
Tây Ninh,Nhóm Tham quan & Vui chơi (attraction / entertainment),Karaoke,7,7,1.0
Tây Ninh,Nhóm Tham quan & Vui chơi (attraction / entertainment),Đài quan sát & Khu chụp ảnh,4,5,0.8
Tây Ninh,Nhóm Tham quan & Vui chơi (attraction / entertainment),Bãi biển/Vịnh,3,3,1.0
Tây Ninh,Nhóm Tham quan & Vui chơi (attraction / entertainment),Bảo tàng & Không gian trưng bày,2,2,1.0
Tây Ninh,Nhóm Tham quan & Vui chơi (attraction / entertainment),Tour có hướng dẫn,2,2,1.0
Tây Ninh,Nhóm Tham quan & Vui chơi (attraction / entertainment),Làng nghề,2,2,1.0
Tây Ninh,Nhóm Tham quan & Vui chơi (attraction / entertainment),Rạp phim,1,1,1.0
Tây Ninh,Nhóm Tham quan & Vui chơi (attraction / entertainment),Bảo tàng nghệ thuật/3D,1,1,1.0
Tây Ninh,Nhóm Lưu trú (accommodation),Homestay & Villa,5,5,1.0
Tây Ninh,Nhóm Lưu trú (accommodation),Khách sạn & Resort,5,20,0.25
Tây Ninh,Nhóm Mua sắm (shopping),Chợ truyền thống,13,13,1.0
Tây Ninh,Nhóm Mua sắm (shopping),Dịch vụ du lịch,8,8,1.0
Tây Ninh,Nhóm Mua sắm (shopping),Cửa hàng đặc sản/Quà lưu niệm,5,5,1.0
Tây Ninh,Nhóm Mua sắm (shopping),Trung tâm thương mại,5,5,1.0
Tây Ninh,Nhóm Mua sắm (shopping),Cửa hàng tiện lợi,1,1,1.0
Đồng Tháp,Nhóm Ẩm thực & Cafe (restaurant / cafe),Quán ăn,326,340,0.9588
Đồng Tháp,Nhóm Ẩm thực & Cafe (restaurant / cafe),Cafe & Đồ uống,173,177,0.9773999999999999
Đồng Tháp,Nhóm Ẩm thực & Cafe (restaurant / cafe),Nhà hàng,88,89,0.9887999999999999
Đồng Tháp,Nhóm Ẩm thực & Cafe (restaurant / cafe),Tiệm bánh & Tráng miệng,47,48,0.9792000000000001
Đồng Tháp,Nhóm Ẩm thực & Cafe (restaurant / cafe),Buffet & Khu ẩm thực,11,11,1.0
Đồng Tháp,Nhóm Ẩm thực & Cafe (restaurant / cafe),Quán chay,8,8,1.0
Đồng Tháp,Nhóm Ẩm thực & Cafe (restaurant / cafe),Pub/Bar,6,6,1.0
Đồng Tháp,Nhóm Tham quan & Vui chơi (attraction / entertainment),Công trình tôn giáo,140,140,1.0
Đồng Tháp,Nhóm Tham quan & Vui chơi (attraction / entertainment),Karaoke,64,64,1.0
Đồng Tháp,Nhóm Tham quan & Vui chơi (attraction / entertainment),Di tích,45,45,1.0
Đồng Tháp,Nhóm Tham quan & Vui chơi (attraction / entertainment),Thiên nhiên,35,35,1.0
Đồng Tháp,Nhóm Tham quan & Vui chơi (attraction / entertainment),Công viên/Quảng trường,33,33,1.0
Đồng Tháp,Nhóm Tham quan & Vui chơi (attraction / entertainment),Nông trại,24,24,1.0
Đồng Tháp,Nhóm Tham quan & Vui chơi (attraction / entertainment),Thể thao trong nhà,20,20,1.0
Đồng Tháp,Nhóm Tham quan & Vui chơi (attraction / entertainment),Thể thao ngoài trời,17,17,1.0
Đồng Tháp,Nhóm Tham quan & Vui chơi (attraction / entertainment),Đài quan sát & Khu chụp ảnh,14,14,1.0
Đồng Tháp,Nhóm Tham quan & Vui chơi (attraction / entertainment),Spa & Thư giãn,14,14,1.0
Đồng Tháp,Nhóm Tham quan & Vui chơi (attraction / entertainment),Công viên giải trí,10,10,1.0
Đồng Tháp,Nhóm Tham quan & Vui chơi (attraction / entertainment),Nhà hát/Sân khấu,8,8,1.0
Đồng Tháp,Nhóm Tham quan & Vui chơi (attraction / entertainment),Bãi biển/Vịnh,5,5,1.0
Đồng Tháp,Nhóm Tham quan & Vui chơi (attraction / entertainment),Tour có hướng dẫn,5,5,1.0
Đồng Tháp,Nhóm Tham quan & Vui chơi (attraction / entertainment),Làng nghề,4,4,1.0
Đồng Tháp,Nhóm Tham quan & Vui chơi (attraction / entertainment),Bảo tàng & Không gian trưng bày,4,4,1.0
Đồng Tháp,Nhóm Tham quan & Vui chơi (attraction / entertainment),Billiards,3,3,1.0
Đồng Tháp,Nhóm Tham quan & Vui chơi (attraction / entertainment),Rạp phim,2,2,1.0
Đồng Tháp,Nhóm Lưu trú (accommodation),Khách sạn & Resort,21,53,0.3962
Đồng Tháp,Nhóm Lưu trú (accommodation),Homestay & Villa,3,9,0.3333
Đồng Tháp,Nhóm Mua sắm (shopping),Chợ truyền thống,33,33,1.0
Đồng Tháp,Nhóm Mua sắm (shopping),Cửa hàng đặc sản/Quà lưu niệm,21,22,0.9545
Đồng Tháp,Nhóm Mua sắm (shopping),Dịch vụ du lịch,6,6,1.0
Đồng Tháp,Nhóm Mua sắm (shopping),Trung tâm thương mại,5,5,1.0
Đồng Tháp,Nhóm Mua sắm (shopping),Cửa hàng tiện lợi,2,2,1.0
Hải Phòng,Nhóm Ẩm thực & Cafe (restaurant / cafe),Quán ăn,274,658,0.4164
Hải Phòng,Nhóm Ẩm thực & Cafe (restaurant / cafe),Tiệm bánh & Tráng miệng,106,156,0.6795
Hải Phòng,Nhóm Ẩm thực & Cafe (restaurant / cafe),Cafe & Đồ uống,86,146,0.589
Hải Phòng,Nhóm Ẩm thực & Cafe (restaurant / cafe),Nhà hàng,72,108,0.6667000000000001
Hải Phòng,Nhóm Ẩm thực & Cafe (restaurant / cafe),Pub/Bar,15,16,0.9375
Hải Phòng,Nhóm Ẩm thực & Cafe (restaurant / cafe),Buffet & Khu ẩm thực,2,3,0.6667000000000001
Hải Phòng,Nhóm Ẩm thực & Cafe (restaurant / cafe),Quán chay,2,5,0.4
Hải Phòng,Nhóm Tham quan & Vui chơi (attraction / entertainment),Karaoke,82,82,1.0
Hải Phòng,Nhóm Tham quan & Vui chơi (attraction / entertainment),Spa & Thư giãn,59,59,1.0
Hải Phòng,Nhóm Tham quan & Vui chơi (attraction / entertainment),Công trình tôn giáo,9,9,1.0
Hải Phòng,Nhóm Tham quan & Vui chơi (attraction / entertainment),Rạp phim,8,8,1.0
Hải Phòng,Nhóm Tham quan & Vui chơi (attraction / entertainment),Billiards,5,5,1.0
Hải Phòng,Nhóm Tham quan & Vui chơi (attraction / entertainment),Công viên/Quảng trường,5,5,1.0
Hải Phòng,Nhóm Tham quan & Vui chơi (attraction / entertainment),Thể thao trong nhà,5,5,1.0
Hải Phòng,Nhóm Tham quan & Vui chơi (attraction / entertainment),Công viên giải trí,4,4,1.0
Hải Phòng,Nhóm Tham quan & Vui chơi (attraction / entertainment),Di tích,4,4,1.0
Hải Phòng,Nhóm Tham quan & Vui chơi (attraction / entertainment),Bãi biển/Vịnh,3,3,1.0
Hải Phòng,Nhóm Tham quan & Vui chơi (attraction / entertainment),Bảo tàng & Không gian trưng bày,3,3,1.0
Hải Phòng,Nhóm Tham quan & Vui chơi (attraction / entertainment),Nông trại,3,3,1.0
Hải Phòng,Nhóm Tham quan & Vui chơi (attraction / entertainment),Thiên nhiên,3,3,1.0
Hải Phòng,Nhóm Tham quan & Vui chơi (attraction / entertainment),Nhà hát/Sân khấu,1,1,1.0
Hải Phòng,Nhóm Tham quan & Vui chơi (attraction / entertainment),Thể thao ngoài trời,1,1,1.0
Hải Phòng,Nhóm Lưu trú (accommodation),Khách sạn & Resort,59,190,0.3105
Hải Phòng,Nhóm Lưu trú (accommodation),Homestay & Villa,21,75,0.28
Hải Phòng,Nhóm Lưu trú (accommodation),Nhà nghỉ,4,14,0.2857
Hải Phòng,Nhóm Mua sắm (shopping),Chợ truyền thống,66,66,1.0
Hải Phòng,Nhóm Mua sắm (shopping),Cửa hàng đặc sản/Quà lưu niệm,32,34,0.9412
Hải Phòng,Nhóm Mua sắm (shopping),Trung tâm thương mại,23,27,0.8519
Hải Phòng,Nhóm Mua sắm (shopping),Dịch vụ du lịch,17,17,1.0
Hải Phòng,Nhóm Mua sắm (shopping),Cửa hàng tiện lợi,3,3,1.0
Nghệ An,Nhóm Ẩm thực & Cafe (restaurant / cafe),Quán ăn,414,523,0.7916
Nghệ An,Nhóm Ẩm thực & Cafe (restaurant / cafe),Tiệm bánh & Tráng miệng,126,145,0.8690000000000001
Nghệ An,Nhóm Ẩm thực & Cafe (restaurant / cafe),Cafe & Đồ uống,125,178,0.7021999999999999
Nghệ An,Nhóm Ẩm thực & Cafe (restaurant / cafe),Nhà hàng,104,107,0.972
Nghệ An,Nhóm Ẩm thực & Cafe (restaurant / cafe),Pub/Bar,23,27,0.8519
Nghệ An,Nhóm Ẩm thực & Cafe (restaurant / cafe),Quán chay,5,5,1.0
Nghệ An,Nhóm Ẩm thực & Cafe (restaurant / cafe),Buffet & Khu ẩm thực,4,4,1.0
Nghệ An,Nhóm Tham quan & Vui chơi (attraction / entertainment),Di tích,6,6,1.0
Nghệ An,Nhóm Tham quan & Vui chơi (attraction / entertainment),Karaoke,6,6,1.0
Nghệ An,Nhóm Tham quan & Vui chơi (attraction / entertainment),Công trình tôn giáo,5,5,1.0
Nghệ An,Nhóm Tham quan & Vui chơi (attraction / entertainment),Thiên nhiên,5,5,1.0
Nghệ An,Nhóm Tham quan & Vui chơi (attraction / entertainment),Rạp phim,3,3,1.0
Nghệ An,Nhóm Tham quan & Vui chơi (attraction / entertainment),Billiards,1,1,1.0
Nghệ An,Nhóm Tham quan & Vui chơi (attraction / entertainment),Bãi biển/Vịnh,1,1,1.0
Nghệ An,Nhóm Tham quan & Vui chơi (attraction / entertainment),Công viên giải trí,1,1,1.0
Nghệ An,Nhóm Tham quan & Vui chơi (attraction / entertainment),Công viên/Quảng trường,1,1,1.0
Nghệ An,Nhóm Tham quan & Vui chơi (attraction / entertainment),Thể thao trong nhà,1,1,1.0
Nghệ An,Nhóm Lưu trú (accommodation),Khách sạn & Resort,27,57,0.47369999999999995
Nghệ An,Nhóm Lưu trú (accommodation),Homestay & Villa,1,2,0.5
Nghệ An,Nhóm Lưu trú (accommodation),Nhà nghỉ,1,1,1.0
Nghệ An,Nhóm Mua sắm (shopping),Chợ truyền thống,31,31,1.0
Nghệ An,Nhóm Mua sắm (shopping),Cửa hàng đặc sản/Quà lưu niệm,12,13,0.9231
Nghệ An,Nhóm Mua sắm (shopping),Cửa hàng tiện lợi,5,5,1.0
Nghệ An,Nhóm Mua sắm (shopping),Trung tâm thương mại,5,5,1.0
Thanh Hóa,Nhóm Ẩm thực & Cafe (restaurant / cafe),Quán ăn,307,326,0.9417
Thanh Hóa,Nhóm Ẩm thực & Cafe (restaurant / cafe),Nhà hàng,103,106,0.9717
Thanh Hóa,Nhóm Ẩm thực & Cafe (restaurant / cafe),Cafe & Đồ uống,102,112,0.9107
Thanh Hóa,Nhóm Ẩm thực & Cafe (restaurant / cafe),Tiệm bánh & Tráng miệng,87,90,0.9667
Thanh Hóa,Nhóm Ẩm thực & Cafe (restaurant / cafe),Pub/Bar,18,18,1.0
Thanh Hóa,Nhóm Ẩm thực & Cafe (restaurant / cafe),Buffet & Khu ẩm thực,9,9,1.0
Thanh Hóa,Nhóm Ẩm thực & Cafe (restaurant / cafe),Quán chay,5,5,1.0
Thanh Hóa,Nhóm Tham quan & Vui chơi (attraction / entertainment),Karaoke,21,21,1.0
Thanh Hóa,Nhóm Tham quan & Vui chơi (attraction / entertainment),Thiên nhiên,8,8,1.0
Thanh Hóa,Nhóm Tham quan & Vui chơi (attraction / entertainment),Công trình tôn giáo,5,5,1.0
Thanh Hóa,Nhóm Tham quan & Vui chơi (attraction / entertainment),Bãi biển/Vịnh,4,4,1.0
Thanh Hóa,Nhóm Tham quan & Vui chơi (attraction / entertainment),Spa & Thư giãn,4,4,1.0
Thanh Hóa,Nhóm Tham quan & Vui chơi (attraction / entertainment),Di tích,3,3,1.0
Thanh Hóa,Nhóm Tham quan & Vui chơi (attraction / entertainment),Rạp phim,3,4,0.75
Thanh Hóa,Nhóm Tham quan & Vui chơi (attraction / entertainment),Thể thao trong nhà,3,3,1.0
Thanh Hóa,Nhóm Tham quan & Vui chơi (attraction / entertainment),Làng nghề,2,2,1.0
Thanh Hóa,Nhóm Tham quan & Vui chơi (attraction / entertainment),Công viên giải trí,1,1,1.0
Thanh Hóa,Nhóm Tham quan & Vui chơi (attraction / entertainment),Công viên/Quảng trường,1,1,1.0
Thanh Hóa,Nhóm Tham quan & Vui chơi (attraction / entertainment),Nông trại,1,1,1.0
Thanh Hóa,Nhóm Lưu trú (accommodation),Khách sạn & Resort,27,68,0.3971
Thanh Hóa,Nhóm Lưu trú (accommodation),Homestay & Villa,7,9,0.7778
Thanh Hóa,Nhóm Mua sắm (shopping),Trung tâm thương mại,24,24,1.0
Thanh Hóa,Nhóm Mua sắm (shopping),Chợ truyền thống,15,15,1.0
Thanh Hóa,Nhóm Mua sắm (shopping),Cửa hàng đặc sản/Quà lưu niệm,14,14,1.0
Thanh Hóa,Nhóm Mua sắm (shopping),Dịch vụ du lịch,11,11,1.0
Thanh Hóa,Nhóm Mua sắm (shopping),Cửa hàng tiện lợi,5,5,1.0
Gia Lai,Nhóm Ẩm thực & Cafe (restaurant / cafe),Quán ăn,161,162,0.9937999999999999
Gia Lai,Nhóm Ẩm thực & Cafe (restaurant / cafe),Cafe & Đồ uống,120,120,1.0
Gia Lai,Nhóm Ẩm thực & Cafe (restaurant / cafe),Nhà hàng,50,50,1.0
Gia Lai,Nhóm Ẩm thực & Cafe (restaurant / cafe),Tiệm bánh & Tráng miệng,25,25,1.0
Gia Lai,Nhóm Ẩm thực & Cafe (restaurant / cafe),Pub/Bar,4,4,1.0
Gia Lai,Nhóm Ẩm thực & Cafe (restaurant / cafe),Buffet & Khu ẩm thực,2,2,1.0
Gia Lai,Nhóm Ẩm thực & Cafe (restaurant / cafe),Quán chay,1,1,1.0
Gia Lai,Nhóm Tham quan & Vui chơi (attraction / entertainment),Công trình tôn giáo,42,42,1.0
Gia Lai,Nhóm Tham quan & Vui chơi (attraction / entertainment),Thiên nhiên,39,39,1.0
Gia Lai,Nhóm Tham quan & Vui chơi (attraction / entertainment),Công viên/Quảng trường,33,33,1.0
Gia Lai,Nhóm Tham quan & Vui chơi (attraction / entertainment),Bãi biển/Vịnh,32,32,1.0
Gia Lai,Nhóm Tham quan & Vui chơi (attraction / entertainment),Karaoke,27,27,1.0
Gia Lai,Nhóm Tham quan & Vui chơi (attraction / entertainment),Spa & Thư giãn,19,19,1.0
Gia Lai,Nhóm Tham quan & Vui chơi (attraction / entertainment),Di tích,15,15,1.0
Gia Lai,Nhóm Tham quan & Vui chơi (attraction / entertainment),Thể thao trong nhà,11,11,1.0
Gia Lai,Nhóm Tham quan & Vui chơi (attraction / entertainment),Bảo tàng & Không gian trưng bày,9,9,1.0
Gia Lai,Nhóm Tham quan & Vui chơi (attraction / entertainment),Đài quan sát & Khu chụp ảnh,6,6,1.0
Gia Lai,Nhóm Tham quan & Vui chơi (attraction / entertainment),Công viên giải trí,5,5,1.0
Gia Lai,Nhóm Tham quan & Vui chơi (attraction / entertainment),Nông trại,5,5,1.0
Gia Lai,Nhóm Tham quan & Vui chơi (attraction / entertainment),Thể thao ngoài trời,5,5,1.0
Gia Lai,Nhóm Tham quan & Vui chơi (attraction / entertainment),Billiards,3,3,1.0
Gia Lai,Nhóm Tham quan & Vui chơi (attraction / entertainment),Rạp phim,2,2,1.0
Gia Lai,Nhóm Tham quan & Vui chơi (attraction / entertainment),Làng nghề,2,2,1.0
Gia Lai,Nhóm Tham quan & Vui chơi (attraction / entertainment),Tour có hướng dẫn,2,2,1.0
Gia Lai,Nhóm Tham quan & Vui chơi (attraction / entertainment),Nhà hát/Sân khấu,2,2,1.0
Gia Lai,Nhóm Lưu trú (accommodation),Khách sạn & Resort,37,113,0.3274
Gia Lai,Nhóm Lưu trú (accommodation),Homestay & Villa,8,29,0.2759
Gia Lai,Nhóm Lưu trú (accommodation),Nhà nghỉ,2,4,0.5
Gia Lai,Nhóm Mua sắm (shopping),Cửa hàng đặc sản/Quà lưu niệm,8,8,1.0
Gia Lai,Nhóm Mua sắm (shopping),Chợ truyền thống,4,4,1.0
Gia Lai,Nhóm Mua sắm (shopping),Dịch vụ du lịch,1,1,1.0
Quảng Trị,Nhóm Ẩm thực & Cafe (restaurant / cafe),Quán ăn,127,127,1.0
Quảng Trị,Nhóm Ẩm thực & Cafe (restaurant / cafe),Cafe & Đồ uống,71,71,1.0
Quảng Trị,Nhóm Ẩm thực & Cafe (restaurant / cafe),Nhà hàng,68,68,1.0
Quảng Trị,Nhóm Ẩm thực & Cafe (restaurant / cafe),Tiệm bánh & Tráng miệng,13,13,1.0
Quảng Trị,Nhóm Ẩm thực & Cafe (restaurant / cafe),Pub/Bar,7,8,0.875
Quảng Trị,Nhóm Ẩm thực & Cafe (restaurant / cafe),Quán chay,1,1,1.0
Quảng Trị,Nhóm Tham quan & Vui chơi (attraction / entertainment),Karaoke,17,17,1.0
Quảng Trị,Nhóm Tham quan & Vui chơi (attraction / entertainment),Thiên nhiên,15,15,1.0
Quảng Trị,Nhóm Tham quan & Vui chơi (attraction / entertainment),Bãi biển/Vịnh,9,9,1.0
Quảng Trị,Nhóm Tham quan & Vui chơi (attraction / entertainment),Spa & Thư giãn,8,8,1.0
Quảng Trị,Nhóm Tham quan & Vui chơi (attraction / entertainment),Di tích,7,7,1.0
Quảng Trị,Nhóm Tham quan & Vui chơi (attraction / entertainment),Công trình tôn giáo,2,2,1.0
Quảng Trị,Nhóm Tham quan & Vui chơi (attraction / entertainment),Rạp phim,1,1,1.0
Quảng Trị,Nhóm Tham quan & Vui chơi (attraction / entertainment),Đài quan sát & Khu chụp ảnh,1,1,1.0
Quảng Trị,Nhóm Lưu trú (accommodation),Khách sạn & Resort,26,53,0.49060000000000004
Quảng Trị,Nhóm Lưu trú (accommodation),Homestay & Villa,15,29,0.5172
Quảng Trị,Nhóm Lưu trú (accommodation),Nhà nghỉ,5,7,0.7143
Quảng Trị,Nhóm Mua sắm (shopping),Dịch vụ du lịch,12,12,1.0
Quảng Trị,Nhóm Mua sắm (shopping),Chợ truyền thống,10,10,1.0
Quảng Trị,Nhóm Mua sắm (shopping),Trung tâm thương mại,8,8,1.0
Quảng Trị,Nhóm Mua sắm (shopping),Cửa hàng đặc sản/Quà lưu niệm,4,4,1.0
Bắc Giang,Nhóm Ẩm thực & Cafe (restaurant / cafe),Quán ăn,116,116,1.0
Bắc Giang,Nhóm Ẩm thực & Cafe (restaurant / cafe),Cafe & Đồ uống,97,97,1.0
Bắc Giang,Nhóm Ẩm thực & Cafe (restaurant / cafe),Nhà hàng,41,41,1.0
Bắc Giang,Nhóm Ẩm thực & Cafe (restaurant / cafe),Tiệm bánh & Tráng miệng,24,24,1.0
Bắc Giang,Nhóm Ẩm thực & Cafe (restaurant / cafe),Pub/Bar,8,8,1.0
Bắc Giang,Nhóm Ẩm thực & Cafe (restaurant / cafe),Quán chay,2,2,1.0
Bắc Giang,Nhóm Ẩm thực & Cafe (restaurant / cafe),Buffet & Khu ẩm thực,1,1,1.0
Bắc Giang,Nhóm Tham quan & Vui chơi (attraction / entertainment),Karaoke,24,24,1.0
Bắc Giang,Nhóm Tham quan & Vui chơi (attraction / entertainment),Spa & Thư giãn,12,12,1.0
Bắc Giang,Nhóm Tham quan & Vui chơi (attraction / entertainment),Di tích,11,11,1.0
Bắc Giang,Nhóm Tham quan & Vui chơi (attraction / entertainment),Thiên nhiên,11,11,1.0
Bắc Giang,Nhóm Tham quan & Vui chơi (attraction / entertainment),Công trình tôn giáo,6,6,1.0
Bắc Giang,Nhóm Tham quan & Vui chơi (attraction / entertainment),Bãi biển/Vịnh,5,5,1.0
Bắc Giang,Nhóm Tham quan & Vui chơi (attraction / entertainment),Công viên/Quảng trường,5,5,1.0
Bắc Giang,Nhóm Tham quan & Vui chơi (attraction / entertainment),Thể thao trong nhà,3,3,1.0
Bắc Giang,Nhóm Tham quan & Vui chơi (attraction / entertainment),Billiards,1,1,1.0
Bắc Giang,Nhóm Tham quan & Vui chơi (attraction / entertainment),Bảo tàng & Không gian trưng bày,1,1,1.0
Bắc Giang,Nhóm Tham quan & Vui chơi (attraction / entertainment),Công viên giải trí,1,1,1.0
Bắc Giang,Nhóm Tham quan & Vui chơi (attraction / entertainment),Rạp phim,1,1,1.0
Bắc Giang,Nhóm Tham quan & Vui chơi (attraction / entertainment),Đài quan sát & Khu chụp ảnh,1,1,1.0
Bắc Giang,Nhóm Lưu trú (accommodation),Khách sạn & Resort,12,38,0.31579999999999997
Bắc Giang,Nhóm Lưu trú (accommodation),Homestay & Villa,1,3,0.3333
Bắc Giang,Nhóm Mua sắm (shopping),Dịch vụ du lịch,32,32,1.0
Bắc Giang,Nhóm Mua sắm (shopping),Chợ truyền thống,7,7,1.0
Bắc Giang,Nhóm Mua sắm (shopping),Cửa hàng đặc sản/Quà lưu niệm,2,2,1.0
Bắc Giang,Nhóm Mua sắm (shopping),Trung tâm thương mại,2,2,1.0
Lào Cai,Nhóm Ẩm thực & Cafe (restaurant / cafe),Quán ăn,76,76,1.0
Lào Cai,Nhóm Ẩm thực & Cafe (restaurant / cafe),Nhà hàng,64,64,1.0
Lào Cai,Nhóm Ẩm thực & Cafe (restaurant / cafe),Cafe & Đồ uống,43,43,1.0
Lào Cai,Nhóm Ẩm thực & Cafe (restaurant / cafe),Tiệm bánh & Tráng miệng,11,11,1.0
Lào Cai,Nhóm Ẩm thực & Cafe (restaurant / cafe),Pub/Bar,7,7,1.0
Lào Cai,Nhóm Ẩm thực & Cafe (restaurant / cafe),Buffet & Khu ẩm thực,3,3,1.0
Lào Cai,Nhóm Ẩm thực & Cafe (restaurant / cafe),Quán chay,1,1,1.0
Lào Cai,Nhóm Tham quan & Vui chơi (attraction / entertainment),Thiên nhiên,15,15,1.0
Lào Cai,Nhóm Tham quan & Vui chơi (attraction / entertainment),Karaoke,14,14,1.0
Lào Cai,Nhóm Tham quan & Vui chơi (attraction / entertainment),Công trình tôn giáo,4,4,1.0
Lào Cai,Nhóm Tham quan & Vui chơi (attraction / entertainment),Di tích,4,4,1.0
Lào Cai,Nhóm Tham quan & Vui chơi (attraction / entertainment),Spa & Thư giãn,4,4,1.0
Lào Cai,Nhóm Tham quan & Vui chơi (attraction / entertainment),Công viên giải trí,3,3,1.0
Lào Cai,Nhóm Tham quan & Vui chơi (attraction / entertainment),Rạp phim,3,3,1.0
Lào Cai,Nhóm Tham quan & Vui chơi (attraction / entertainment),Đài quan sát & Khu chụp ảnh,3,3,1.0
Lào Cai,Nhóm Tham quan & Vui chơi (attraction / entertainment),Làng nghề,1,1,1.0
Lào Cai,Nhóm Tham quan & Vui chơi (attraction / entertainment),Nông trại,1,1,1.0
Lào Cai,Nhóm Tham quan & Vui chơi (attraction / entertainment),Tour có hướng dẫn,1,1,1.0
Lào Cai,Nhóm Lưu trú (accommodation),Homestay & Villa,58,121,0.4793
Lào Cai,Nhóm Lưu trú (accommodation),Khách sạn & Resort,52,141,0.3688
Lào Cai,Nhóm Lưu trú (accommodation),Nhà nghỉ,3,7,0.4286
Lào Cai,Nhóm Mua sắm (shopping),Cửa hàng đặc sản/Quà lưu niệm,9,9,1.0
Lào Cai,Nhóm Mua sắm (shopping),Chợ truyền thống,5,5,1.0
Lào Cai,Nhóm Mua sắm (shopping),Dịch vụ du lịch,5,5,1.0
Lào Cai,Nhóm Mua sắm (shopping),Trung tâm thương mại,4,4,1.0
Hưng Yên,Nhóm Ẩm thực & Cafe (restaurant / cafe),Quán ăn,95,95,1.0
Hưng Yên,Nhóm Ẩm thực & Cafe (restaurant / cafe),Cafe & Đồ uống,63,63,1.0
Hưng Yên,Nhóm Ẩm thực & Cafe (restaurant / cafe),Nhà hàng,37,37,1.0
Hưng Yên,Nhóm Ẩm thực & Cafe (restaurant / cafe),Tiệm bánh & Tráng miệng,22,22,1.0
Hưng Yên,Nhóm Ẩm thực & Cafe (restaurant / cafe),Pub/Bar,3,3,1.0
Hưng Yên,Nhóm Ẩm thực & Cafe (restaurant / cafe),Buffet & Khu ẩm thực,2,2,1.0
Hưng Yên,Nhóm Ẩm thực & Cafe (restaurant / cafe),Quán chay,1,1,1.0
Hưng Yên,Nhóm Tham quan & Vui chơi (attraction / entertainment),Công trình tôn giáo,29,29,1.0
Hưng Yên,Nhóm Tham quan & Vui chơi (attraction / entertainment),Nhà hát/Sân khấu,15,15,1.0
Hưng Yên,Nhóm Tham quan & Vui chơi (attraction / entertainment),Công viên/Quảng trường,13,13,1.0
Hưng Yên,Nhóm Tham quan & Vui chơi (attraction / entertainment),Spa & Thư giãn,9,10,0.9
Hưng Yên,Nhóm Tham quan & Vui chơi (attraction / entertainment),Thể thao trong nhà,5,5,1.0
Hưng Yên,Nhóm Tham quan & Vui chơi (attraction / entertainment),Thể thao ngoài trời,5,6,0.8332999999999999
Hưng Yên,Nhóm Tham quan & Vui chơi (attraction / entertainment),Công viên giải trí,4,7,0.5714
Hưng Yên,Nhóm Tham quan & Vui chơi (attraction / entertainment),Nông trại,2,2,1.0
Hưng Yên,Nhóm Tham quan & Vui chơi (attraction / entertainment),Thiên nhiên,2,2,1.0
Hưng Yên,Nhóm Tham quan & Vui chơi (attraction / entertainment),Đài quan sát & Khu chụp ảnh,2,2,1.0
Hưng Yên,Nhóm Tham quan & Vui chơi (attraction / entertainment),Karaoke,2,2,1.0
Hưng Yên,Nhóm Tham quan & Vui chơi (attraction / entertainment),Bảo tàng & Không gian trưng bày,2,2,1.0
Hưng Yên,Nhóm Tham quan & Vui chơi (attraction / entertainment),Bãi biển/Vịnh,1,1,1.0
Hưng Yên,Nhóm Tham quan & Vui chơi (attraction / entertainment),Phố đi bộ,1,1,1.0
Hưng Yên,Nhóm Tham quan & Vui chơi (attraction / entertainment),Rạp phim,1,1,1.0
Hưng Yên,Nhóm Tham quan & Vui chơi (attraction / entertainment),Làng nghề,1,1,1.0
Hưng Yên,Nhóm Tham quan & Vui chơi (attraction / entertainment),Di tích,1,1,1.0
Hưng Yên,Nhóm Tham quan & Vui chơi (attraction / entertainment),Billiards,1,1,1.0
Hưng Yên,Nhóm Lưu trú (accommodation),Khách sạn & Resort,4,19,0.21050000000000002
Hưng Yên,Nhóm Lưu trú (accommodation),Homestay & Villa,3,5,0.6
Hưng Yên,Nhóm Mua sắm (shopping),Chợ truyền thống,11,11,1.0
Hưng Yên,Nhóm Mua sắm (shopping),Trung tâm thương mại,6,6,1.0
Hưng Yên,Nhóm Mua sắm (shopping),Cửa hàng đặc sản/Quà lưu niệm,5,5,1.0
Hưng Yên,Nhóm Mua sắm (shopping),Dịch vụ du lịch,2,2,1.0
Hưng Yên,Nhóm Mua sắm (shopping),Cửa hàng tiện lợi,1,1,1.0
Bắc Ninh,Nhóm Ẩm thực & Cafe (restaurant / cafe),Quán ăn,49,74,0.6622
Bắc Ninh,Nhóm Ẩm thực & Cafe (restaurant / cafe),Cafe & Đồ uống,44,57,0.7719
Bắc Ninh,Nhóm Ẩm thực & Cafe (restaurant / cafe),Nhà hàng,34,40,0.85
Bắc Ninh,Nhóm Ẩm thực & Cafe (restaurant / cafe),Tiệm bánh & Tráng miệng,15,19,0.7895
Bắc Ninh,Nhóm Ẩm thực & Cafe (restaurant / cafe),Pub/Bar,9,9,1.0
Bắc Ninh,Nhóm Ẩm thực & Cafe (restaurant / cafe),Quán chay,2,3,0.6667000000000001
Bắc Ninh,Nhóm Tham quan & Vui chơi (attraction / entertainment),Công trình tôn giáo,54,54,1.0
Bắc Ninh,Nhóm Tham quan & Vui chơi (attraction / entertainment),Karaoke,23,23,1.0
Bắc Ninh,Nhóm Tham quan & Vui chơi (attraction / entertainment),Nhà hát/Sân khấu,14,14,1.0
Bắc Ninh,Nhóm Tham quan & Vui chơi (attraction / entertainment),Spa & Thư giãn,9,9,1.0
Bắc Ninh,Nhóm Tham quan & Vui chơi (attraction / entertainment),Thể thao trong nhà,7,7,1.0
Bắc Ninh,Nhóm Tham quan & Vui chơi (attraction / entertainment),Công viên/Quảng trường,6,6,1.0
Bắc Ninh,Nhóm Tham quan & Vui chơi (attraction / entertainment),Di tích,6,6,1.0
Bắc Ninh,Nhóm Tham quan & Vui chơi (attraction / entertainment),Thể thao ngoài trời,5,5,1.0
Bắc Ninh,Nhóm Tham quan & Vui chơi (attraction / entertainment),Thiên nhiên,5,5,1.0
Bắc Ninh,Nhóm Tham quan & Vui chơi (attraction / entertainment),Làng nghề,3,3,1.0
Bắc Ninh,Nhóm Tham quan & Vui chơi (attraction / entertainment),Công viên giải trí,2,2,1.0
Bắc Ninh,Nhóm Tham quan & Vui chơi (attraction / entertainment),Bảo tàng & Không gian trưng bày,2,2,1.0
Bắc Ninh,Nhóm Tham quan & Vui chơi (attraction / entertainment),Tour có hướng dẫn,1,1,1.0
Bắc Ninh,Nhóm Tham quan & Vui chơi (attraction / entertainment),Billiards,1,1,1.0
Bắc Ninh,Nhóm Tham quan & Vui chơi (attraction / entertainment),Rạp phim,1,1,1.0
Bắc Ninh,Nhóm Tham quan & Vui chơi (attraction / entertainment),Nông trại,1,1,1.0
Bắc Ninh,Nhóm Tham quan & Vui chơi (attraction / entertainment),Đài quan sát & Khu chụp ảnh,1,1,1.0
Bắc Ninh,Nhóm Lưu trú (accommodation),Khách sạn & Resort,13,30,0.43329999999999996
Bắc Ninh,Nhóm Lưu trú (accommodation),Homestay & Villa,1,4,0.25
Bắc Ninh,Nhóm Mua sắm (shopping),Chợ truyền thống,10,10,1.0
Bắc Ninh,Nhóm Mua sắm (shopping),Cửa hàng đặc sản/Quà lưu niệm,9,9,1.0
Bắc Ninh,Nhóm Mua sắm (shopping),Trung tâm thương mại,3,4,0.75
Bắc Ninh,Nhóm Mua sắm (shopping),Dịch vụ du lịch,1,1,1.0
Phú Thọ,Nhóm Ẩm thực & Cafe (restaurant / cafe),Quán ăn,64,64,1.0
Phú Thọ,Nhóm Ẩm thực & Cafe (restaurant / cafe),Cafe & Đồ uống,53,53,1.0
Phú Thọ,Nhóm Ẩm thực & Cafe (restaurant / cafe),Nhà hàng,43,43,1.0
Phú Thọ,Nhóm Ẩm thực & Cafe (restaurant / cafe),Tiệm bánh & Tráng miệng,22,22,1.0
Phú Thọ,Nhóm Ẩm thực & Cafe (restaurant / cafe),Pub/Bar,6,6,1.0
Phú Thọ,Nhóm Ẩm thực & Cafe (restaurant / cafe),Buffet & Khu ẩm thực,1,1,1.0
Phú Thọ,Nhóm Tham quan & Vui chơi (attraction / entertainment),Spa & Thư giãn,11,11,1.0
Phú Thọ,Nhóm Tham quan & Vui chơi (attraction / entertainment),Karaoke,10,10,1.0
Phú Thọ,Nhóm Tham quan & Vui chơi (attraction / entertainment),Thiên nhiên,9,9,1.0
Phú Thọ,Nhóm Tham quan & Vui chơi (attraction / entertainment),Bãi biển/Vịnh,8,8,1.0
Phú Thọ,Nhóm Tham quan & Vui chơi (attraction / entertainment),Công trình tôn giáo,7,7,1.0
Phú Thọ,Nhóm Tham quan & Vui chơi (attraction / entertainment),Công viên/Quảng trường,4,4,1.0
Phú Thọ,Nhóm Tham quan & Vui chơi (attraction / entertainment),Thể thao trong nhà,3,3,1.0
Phú Thọ,Nhóm Tham quan & Vui chơi (attraction / entertainment),Rạp phim,2,2,1.0
Phú Thọ,Nhóm Tham quan & Vui chơi (attraction / entertainment),Thể thao ngoài trời,2,2,1.0
Phú Thọ,Nhóm Tham quan & Vui chơi (attraction / entertainment),Đài quan sát & Khu chụp ảnh,2,2,1.0
Phú Thọ,Nhóm Tham quan & Vui chơi (attraction / entertainment),Công viên giải trí,1,1,1.0
Phú Thọ,Nhóm Tham quan & Vui chơi (attraction / entertainment),Di tích,1,1,1.0
Phú Thọ,Nhóm Lưu trú (accommodation),Khách sạn & Resort,25,61,0.40979999999999994
Phú Thọ,Nhóm Lưu trú (accommodation),Homestay & Villa,9,18,0.5
Phú Thọ,Nhóm Mua sắm (shopping),Dịch vụ du lịch,10,10,1.0
Phú Thọ,Nhóm Mua sắm (shopping),Chợ truyền thống,9,9,1.0
Phú Thọ,Nhóm Mua sắm (shopping),Trung tâm thương mại,8,8,1.0
Phú Thọ,Nhóm Mua sắm (shopping),Cửa hàng đặc sản/Quà lưu niệm,7,7,1.0
Phú Thọ,Nhóm Mua sắm (shopping),Cửa hàng tiện lợi,1,1,1.0
Quảng Ngãi,Nhóm Ẩm thực & Cafe (restaurant / cafe),Quán ăn,94,94,1.0
Quảng Ngãi,Nhóm Ẩm thực & Cafe (restaurant / cafe),Cafe & Đồ uống,77,77,1.0
Quảng Ngãi,Nhóm Ẩm thực & Cafe (restaurant / cafe),Nhà hàng,30,30,1.0
Quảng Ngãi,Nhóm Ẩm thực & Cafe (restaurant / cafe),Tiệm bánh & Tráng miệng,21,21,1.0
Quảng Ngãi,Nhóm Ẩm thực & Cafe (restaurant / cafe),Pub/Bar,3,3,1.0
Quảng Ngãi,Nhóm Ẩm thực & Cafe (restaurant / cafe),Quán chay,3,3,1.0
Quảng Ngãi,Nhóm Ẩm thực & Cafe (restaurant / cafe),Buffet & Khu ẩm thực,1,1,1.0
Quảng Ngãi,Nhóm Tham quan & Vui chơi (attraction / entertainment),Spa & Thư giãn,15,15,1.0
Quảng Ngãi,Nhóm Tham quan & Vui chơi (attraction / entertainment),Bãi biển/Vịnh,10,10,1.0
Quảng Ngãi,Nhóm Tham quan & Vui chơi (attraction / entertainment),Thiên nhiên,7,7,1.0
Quảng Ngãi,Nhóm Tham quan & Vui chơi (attraction / entertainment),Karaoke,3,3,1.0
Quảng Ngãi,Nhóm Tham quan & Vui chơi (attraction / entertainment),Nông trại,3,3,1.0
Quảng Ngãi,Nhóm Tham quan & Vui chơi (attraction / entertainment),Đài quan sát & Khu chụp ảnh,3,3,1.0
Quảng Ngãi,Nhóm Tham quan & Vui chơi (attraction / entertainment),Rạp phim,2,2,1.0
Quảng Ngãi,Nhóm Tham quan & Vui chơi (attraction / entertainment),Billiards,1,1,1.0
Quảng Ngãi,Nhóm Tham quan & Vui chơi (attraction / entertainment),Bảo tàng & Không gian trưng bày,1,1,1.0
Quảng Ngãi,Nhóm Tham quan & Vui chơi (attraction / entertainment),Công viên/Quảng trường,1,1,1.0
Quảng Ngãi,Nhóm Tham quan & Vui chơi (attraction / entertainment),Thể thao ngoài trời,1,1,1.0
Quảng Ngãi,Nhóm Tham quan & Vui chơi (attraction / entertainment),Thể thao trong nhà,1,1,1.0
Quảng Ngãi,Nhóm Tham quan & Vui chơi (attraction / entertainment),Tour có hướng dẫn,1,1,1.0
Quảng Ngãi,Nhóm Lưu trú (accommodation),Khách sạn & Resort,5,20,0.25
Quảng Ngãi,Nhóm Lưu trú (accommodation),Homestay & Villa,4,12,0.3333
Quảng Ngãi,Nhóm Mua sắm (shopping),Chợ truyền thống,6,6,1.0
Quảng Ngãi,Nhóm Mua sắm (shopping),Dịch vụ du lịch,3,3,1.0
Quảng Ngãi,Nhóm Mua sắm (shopping),Trung tâm thương mại,2,2,1.0
Quảng Ngãi,Nhóm Mua sắm (shopping),Cửa hàng đặc sản/Quà lưu niệm,1,1,1.0
Cà Mau,Nhóm Ẩm thực & Cafe (restaurant / cafe),Quán ăn,90,90,1.0
Cà Mau,Nhóm Ẩm thực & Cafe (restaurant / cafe),Cafe & Đồ uống,40,40,1.0
Cà Mau,Nhóm Ẩm thực & Cafe (restaurant / cafe),Nhà hàng,29,29,1.0
Cà Mau,Nhóm Ẩm thực & Cafe (restaurant / cafe),Tiệm bánh & Tráng miệng,11,11,1.0
Cà Mau,Nhóm Ẩm thực & Cafe (restaurant / cafe),Quán chay,4,4,1.0
Cà Mau,Nhóm Ẩm thực & Cafe (restaurant / cafe),Buffet & Khu ẩm thực,2,2,1.0
Cà Mau,Nhóm Ẩm thực & Cafe (restaurant / cafe),Pub/Bar,2,2,1.0
Cà Mau,Nhóm Tham quan & Vui chơi (attraction / entertainment),Công trình tôn giáo,22,22,1.0
Cà Mau,Nhóm Tham quan & Vui chơi (attraction / entertainment),Thiên nhiên,20,20,1.0
Cà Mau,Nhóm Tham quan & Vui chơi (attraction / entertainment),Karaoke,11,11,1.0
Cà Mau,Nhóm Tham quan & Vui chơi (attraction / entertainment),Di tích,7,7,1.0
Cà Mau,Nhóm Tham quan & Vui chơi (attraction / entertainment),Công viên/Quảng trường,5,5,1.0
Cà Mau,Nhóm Tham quan & Vui chơi (attraction / entertainment),Bãi biển/Vịnh,4,4,1.0
Cà Mau,Nhóm Tham quan & Vui chơi (attraction / entertainment),Nông trại,4,4,1.0
Cà Mau,Nhóm Tham quan & Vui chơi (attraction / entertainment),Thể thao trong nhà,4,4,1.0
Cà Mau,Nhóm Tham quan & Vui chơi (attraction / entertainment),Công viên giải trí,3,3,1.0
Cà Mau,Nhóm Tham quan & Vui chơi (attraction / entertainment),Thể thao ngoài trời,3,3,1.0
Cà Mau,Nhóm Tham quan & Vui chơi (attraction / entertainment),Đài quan sát & Khu chụp ảnh,3,3,1.0
Cà Mau,Nhóm Tham quan & Vui chơi (attraction / entertainment),Rạp phim,2,2,1.0
Cà Mau,Nhóm Tham quan & Vui chơi (attraction / entertainment),Spa & Thư giãn,2,2,1.0
Cà Mau,Nhóm Tham quan & Vui chơi (attraction / entertainment),Tour có hướng dẫn,2,2,1.0
Cà Mau,Nhóm Tham quan & Vui chơi (attraction / entertainment),Nhà hát/Sân khấu,1,1,1.0
Cà Mau,Nhóm Lưu trú (accommodation),Khách sạn & Resort,7,18,0.3889
Cà Mau,Nhóm Lưu trú (accommodation),Homestay & Villa,2,3,0.6667000000000001
Cà Mau,Nhóm Mua sắm (shopping),Dịch vụ du lịch,6,6,1.0
Cà Mau,Nhóm Mua sắm (shopping),Cửa hàng đặc sản/Quà lưu niệm,4,4,1.0
Cà Mau,Nhóm Mua sắm (shopping),Chợ truyền thống,3,3,1.0
Cà Mau,Nhóm Mua sắm (shopping),Trung tâm thương mại,2,2,1.0
Ninh Bình,Nhóm Ẩm thực & Cafe (restaurant / cafe),Quán ăn,41,41,1.0
Ninh Bình,Nhóm Ẩm thực & Cafe (restaurant / cafe),Nhà hàng,34,34,1.0
Ninh Bình,Nhóm Ẩm thực & Cafe (restaurant / cafe),Cafe & Đồ uống,28,28,1.0
Ninh Bình,Nhóm Ẩm thực & Cafe (restaurant / cafe),Tiệm bánh & Tráng miệng,14,14,1.0
Ninh Bình,Nhóm Ẩm thực & Cafe (restaurant / cafe),Pub/Bar,4,4,1.0
Ninh Bình,Nhóm Tham quan & Vui chơi (attraction / entertainment),Công trình tôn giáo,16,16,1.0
Ninh Bình,Nhóm Tham quan & Vui chơi (attraction / entertainment),Karaoke,12,12,1.0
Ninh Bình,Nhóm Tham quan & Vui chơi (attraction / entertainment),Thiên nhiên,11,11,1.0
Ninh Bình,Nhóm Tham quan & Vui chơi (attraction / entertainment),Di tích,4,4,1.0
Ninh Bình,Nhóm Tham quan & Vui chơi (attraction / entertainment),Spa & Thư giãn,4,4,1.0
Ninh Bình,Nhóm Tham quan & Vui chơi (attraction / entertainment),Công viên/Quảng trường,1,1,1.0
Ninh Bình,Nhóm Tham quan & Vui chơi (attraction / entertainment),Rạp phim,1,1,1.0
Ninh Bình,Nhóm Lưu trú (accommodation),Khách sạn & Resort,45,114,0.3947
Ninh Bình,Nhóm Lưu trú (accommodation),Homestay & Villa,43,101,0.4257
Ninh Bình,Nhóm Lưu trú (accommodation),Nhà nghỉ,4,5,0.8
Ninh Bình,Nhóm Mua sắm (shopping),Cửa hàng đặc sản/Quà lưu niệm,8,8,1.0
Ninh Bình,Nhóm Mua sắm (shopping),Chợ truyền thống,3,3,1.0
Ninh Bình,Nhóm Mua sắm (shopping),Dịch vụ du lịch,3,3,1.0
Ninh Bình,Nhóm Mua sắm (shopping),Trung tâm thương mại,2,2,1.0
Ninh Bình,Nhóm Mua sắm (shopping),Cửa hàng tiện lợi,1,1,1.0
Kon Tum,Nhóm Ẩm thực & Cafe (restaurant / cafe),Quán ăn,73,73,1.0
Kon Tum,Nhóm Ẩm thực & Cafe (restaurant / cafe),Cafe & Đồ uống,47,47,1.0
Kon Tum,Nhóm Ẩm thực & Cafe (restaurant / cafe),Nhà hàng,15,15,1.0
Kon Tum,Nhóm Ẩm thực & Cafe (restaurant / cafe),Tiệm bánh & Tráng miệng,13,13,1.0
Kon Tum,Nhóm Ẩm thực & Cafe (restaurant / cafe),Pub/Bar,1,1,1.0
Kon Tum,Nhóm Tham quan & Vui chơi (attraction / entertainment),Công trình tôn giáo,16,16,1.0
Kon Tum,Nhóm Tham quan & Vui chơi (attraction / entertainment),Thiên nhiên,13,13,1.0
Kon Tum,Nhóm Tham quan & Vui chơi (attraction / entertainment),Karaoke,10,10,1.0
Kon Tum,Nhóm Tham quan & Vui chơi (attraction / entertainment),Đài quan sát & Khu chụp ảnh,7,7,1.0
Kon Tum,Nhóm Tham quan & Vui chơi (attraction / entertainment),Công viên/Quảng trường,4,4,1.0
Kon Tum,Nhóm Tham quan & Vui chơi (attraction / entertainment),Di tích,4,4,1.0
Kon Tum,Nhóm Tham quan & Vui chơi (attraction / entertainment),Nông trại,4,4,1.0
Kon Tum,Nhóm Tham quan & Vui chơi (attraction / entertainment),Spa & Thư giãn,4,4,1.0
Kon Tum,Nhóm Tham quan & Vui chơi (attraction / entertainment),Làng nghề,2,2,1.0
Kon Tum,Nhóm Tham quan & Vui chơi (attraction / entertainment),Phố đi bộ,2,2,1.0
Kon Tum,Nhóm Tham quan & Vui chơi (attraction / entertainment),Thể thao trong nhà,2,2,1.0
Kon Tum,Nhóm Tham quan & Vui chơi (attraction / entertainment),Bãi biển/Vịnh,1,1,1.0
Kon Tum,Nhóm Tham quan & Vui chơi (attraction / entertainment),Bảo tàng & Không gian trưng bày,1,1,1.0
Kon Tum,Nhóm Tham quan & Vui chơi (attraction / entertainment),Rạp phim,1,1,1.0
Kon Tum,Nhóm Tham quan & Vui chơi (attraction / entertainment),Thể thao ngoài trời,1,1,1.0
Kon Tum,Nhóm Tham quan & Vui chơi (attraction / entertainment),Tour có hướng dẫn,1,1,1.0
Kon Tum,Nhóm Lưu trú (accommodation),Homestay & Villa,4,9,0.44439999999999996
Kon Tum,Nhóm Lưu trú (accommodation),Khách sạn & Resort,4,12,0.3333
Kon Tum,Nhóm Mua sắm (shopping),Chợ truyền thống,2,2,1.0
Nam Định,Nhóm Ẩm thực & Cafe (restaurant / cafe),Quán ăn,90,90,1.0
Nam Định,Nhóm Ẩm thực & Cafe (restaurant / cafe),Cafe & Đồ uống,34,35,0.9714
Nam Định,Nhóm Ẩm thực & Cafe (restaurant / cafe),Nhà hàng,25,25,1.0
Nam Định,Nhóm Ẩm thực & Cafe (restaurant / cafe),Tiệm bánh & Tráng miệng,25,25,1.0
Nam Định,Nhóm Tham quan & Vui chơi (attraction / entertainment),Karaoke,9,9,1.0
Nam Định,Nhóm Tham quan & Vui chơi (attraction / entertainment),Spa & Thư giãn,6,6,1.0
Nam Định,Nhóm Tham quan & Vui chơi (attraction / entertainment),Công trình tôn giáo,2,2,1.0
Nam Định,Nhóm Tham quan & Vui chơi (attraction / entertainment),Billiards,1,1,1.0
Nam Định,Nhóm Tham quan & Vui chơi (attraction / entertainment),Rạp phim,1,1,1.0
Nam Định,Nhóm Tham quan & Vui chơi (attraction / entertainment),Thiên nhiên,1,1,1.0
Nam Định,Nhóm Mua sắm (shopping),Dịch vụ du lịch,14,14,1.0
Nam Định,Nhóm Mua sắm (shopping),Chợ truyền thống,10,10,1.0
Nam Định,Nhóm Mua sắm (shopping),Trung tâm thương mại,4,4,1.0
Nam Định,Nhóm Mua sắm (shopping),Cửa hàng đặc sản/Quà lưu niệm,3,3,1.0
Bạc Liêu,Nhóm Ẩm thực & Cafe (restaurant / cafe),Quán ăn,53,53,1.0
Bạc Liêu,Nhóm Ẩm thực & Cafe (restaurant / cafe),Cafe & Đồ uống,33,33,1.0
Bạc Liêu,Nhóm Ẩm thực & Cafe (restaurant / cafe),Nhà hàng,19,19,1.0
Bạc Liêu,Nhóm Ẩm thực & Cafe (restaurant / cafe),Tiệm bánh & Tráng miệng,3,3,1.0
Bạc Liêu,Nhóm Ẩm thực & Cafe (restaurant / cafe),Pub/Bar,2,2,1.0
Bạc Liêu,Nhóm Ẩm thực & Cafe (restaurant / cafe),Buffet & Khu ẩm thực,1,1,1.0
Bạc Liêu,Nhóm Tham quan & Vui chơi (attraction / entertainment),Công trình tôn giáo,38,38,1.0
Bạc Liêu,Nhóm Tham quan & Vui chơi (attraction / entertainment),Di tích,9,9,1.0
Bạc Liêu,Nhóm Tham quan & Vui chơi (attraction / entertainment),Công viên/Quảng trường,6,6,1.0
Bạc Liêu,Nhóm Tham quan & Vui chơi (attraction / entertainment),Karaoke,5,5,1.0
Bạc Liêu,Nhóm Tham quan & Vui chơi (attraction / entertainment),Bãi biển/Vịnh,4,4,1.0
Bạc Liêu,Nhóm Tham quan & Vui chơi (attraction / entertainment),Đài quan sát & Khu chụp ảnh,4,4,1.0
Bạc Liêu,Nhóm Tham quan & Vui chơi (attraction / entertainment),Nhà hát/Sân khấu,3,3,1.0
Bạc Liêu,Nhóm Tham quan & Vui chơi (attraction / entertainment),Thiên nhiên,3,3,1.0
Bạc Liêu,Nhóm Tham quan & Vui chơi (attraction / entertainment),Công viên giải trí,2,2,1.0
Bạc Liêu,Nhóm Tham quan & Vui chơi (attraction / entertainment),Nông trại,2,2,1.0
Bạc Liêu,Nhóm Tham quan & Vui chơi (attraction / entertainment),Spa & Thư giãn,1,1,1.0
Bạc Liêu,Nhóm Tham quan & Vui chơi (attraction / entertainment),Thể thao ngoài trời,1,1,1.0
Bạc Liêu,Nhóm Lưu trú (accommodation),Khách sạn & Resort,5,15,0.3333
Bạc Liêu,Nhóm Mua sắm (shopping),Chợ truyền thống,4,4,1.0
Bạc Liêu,Nhóm Mua sắm (shopping),Trung tâm thương mại,3,3,1.0
Bạc Liêu,Nhóm Mua sắm (shopping),Cửa hàng đặc sản/Quà lưu niệm,2,2,1.0
Bạc Liêu,Nhóm Mua sắm (shopping),Dịch vụ du lịch,2,2,1.0
Thái Nguyên,Nhóm Ẩm thực & Cafe (restaurant / cafe),Quán ăn,61,87,0.7011
Thái Nguyên,Nhóm Ẩm thực & Cafe (restaurant / cafe),Nhà hàng,26,29,0.8966
Thái Nguyên,Nhóm Ẩm thực & Cafe (restaurant / cafe),Cafe & Đồ uống,23,38,0.6053000000000001
Thái Nguyên,Nhóm Ẩm thực & Cafe (restaurant / cafe),Tiệm bánh & Tráng miệng,17,30,0.5667
Thái Nguyên,Nhóm Ẩm thực & Cafe (restaurant / cafe),Buffet & Khu ẩm thực,5,5,1.0
Thái Nguyên,Nhóm Ẩm thực & Cafe (restaurant / cafe),Quán chay,2,2,1.0
Thái Nguyên,Nhóm Tham quan & Vui chơi (attraction / entertainment),Thiên nhiên,6,6,1.0
Thái Nguyên,Nhóm Tham quan & Vui chơi (attraction / entertainment),Rạp phim,4,4,1.0
Thái Nguyên,Nhóm Tham quan & Vui chơi (attraction / entertainment),Công trình tôn giáo,3,3,1.0
Thái Nguyên,Nhóm Tham quan & Vui chơi (attraction / entertainment),Karaoke,3,3,1.0
Thái Nguyên,Nhóm Tham quan & Vui chơi (attraction / entertainment),Bãi biển/Vịnh,1,1,1.0
Thái Nguyên,Nhóm Tham quan & Vui chơi (attraction / entertainment),Di tích,1,1,1.0
Thái Nguyên,Nhóm Tham quan & Vui chơi (attraction / entertainment),Làng nghề,1,1,1.0
Thái Nguyên,Nhóm Tham quan & Vui chơi (attraction / entertainment),Spa & Thư giãn,1,1,1.0
Thái Nguyên,Nhóm Lưu trú (accommodation),Khách sạn & Resort,8,17,0.4706
Thái Nguyên,Nhóm Lưu trú (accommodation),Homestay & Villa,1,5,0.2
Thái Nguyên,Nhóm Mua sắm (shopping),Chợ truyền thống,9,9,1.0
Thái Nguyên,Nhóm Mua sắm (shopping),Cửa hàng đặc sản/Quà lưu niệm,4,4,1.0
Thái Nguyên,Nhóm Mua sắm (shopping),Dịch vụ du lịch,3,3,1.0
Thái Nguyên,Nhóm Mua sắm (shopping),Cửa hàng tiện lợi,2,2,1.0
Thái Nguyên,Nhóm Mua sắm (shopping),Trung tâm thương mại,1,2,0.5
Hà Tĩnh,Nhóm Ẩm thực & Cafe (restaurant / cafe),Quán ăn,63,63,1.0
Hà Tĩnh,Nhóm Ẩm thực & Cafe (restaurant / cafe),Cafe & Đồ uống,40,40,1.0
Hà Tĩnh,Nhóm Ẩm thực & Cafe (restaurant / cafe),Nhà hàng,14,14,1.0
Hà Tĩnh,Nhóm Ẩm thực & Cafe (restaurant / cafe),Tiệm bánh & Tráng miệng,12,12,1.0
Hà Tĩnh,Nhóm Tham quan & Vui chơi (attraction / entertainment),Karaoke,17,17,1.0
Hà Tĩnh,Nhóm Tham quan & Vui chơi (attraction / entertainment),Spa & Thư giãn,3,3,1.0
Hà Tĩnh,Nhóm Tham quan & Vui chơi (attraction / entertainment),Thiên nhiên,3,3,1.0
Hà Tĩnh,Nhóm Tham quan & Vui chơi (attraction / entertainment),Bãi biển/Vịnh,2,2,1.0
Hà Tĩnh,Nhóm Tham quan & Vui chơi (attraction / entertainment),Billiards,1,1,1.0
Hà Tĩnh,Nhóm Tham quan & Vui chơi (attraction / entertainment),Công trình tôn giáo,1,1,1.0
Hà Tĩnh,Nhóm Tham quan & Vui chơi (attraction / entertainment),Công viên giải trí,1,1,1.0
Hà Tĩnh,Nhóm Tham quan & Vui chơi (attraction / entertainment),Di tích,1,1,1.0
Hà Tĩnh,Nhóm Tham quan & Vui chơi (attraction / entertainment),Nông trại,1,1,1.0
Hà Tĩnh,Nhóm Lưu trú (accommodation),Khách sạn & Resort,9,21,0.4286
Hà Tĩnh,Nhóm Lưu trú (accommodation),Nhà nghỉ,1,1,1.0
Hà Tĩnh,Nhóm Mua sắm (shopping),Cửa hàng đặc sản/Quà lưu niệm,4,4,1.0
Hà Tĩnh,Nhóm Mua sắm (shopping),Trung tâm thương mại,2,2,1.0
Hà Tĩnh,Nhóm Mua sắm (shopping),Chợ truyền thống,1,1,1.0
Hà Tĩnh,Nhóm Mua sắm (shopping),Cửa hàng tiện lợi,1,1,1.0
Hà Tĩnh,Nhóm Mua sắm (shopping),Dịch vụ du lịch,1,1,1.0
Lạng Sơn,Nhóm Ẩm thực & Cafe (restaurant / cafe),Quán ăn,58,58,1.0
Lạng Sơn,Nhóm Ẩm thực & Cafe (restaurant / cafe),Nhà hàng,39,39,1.0
Lạng Sơn,Nhóm Ẩm thực & Cafe (restaurant / cafe),Tiệm bánh & Tráng miệng,21,21,1.0
Lạng Sơn,Nhóm Ẩm thực & Cafe (restaurant / cafe),Cafe & Đồ uống,17,17,1.0
Lạng Sơn,Nhóm Ẩm thực & Cafe (restaurant / cafe),Pub/Bar,1,1,1.0
Lạng Sơn,Nhóm Tham quan & Vui chơi (attraction / entertainment),Công trình tôn giáo,7,7,1.0
Lạng Sơn,Nhóm Tham quan & Vui chơi (attraction / entertainment),Công viên/Quảng trường,2,2,1.0
Lạng Sơn,Nhóm Tham quan & Vui chơi (attraction / entertainment),Công viên giải trí,1,1,1.0
Lạng Sơn,Nhóm Tham quan & Vui chơi (attraction / entertainment),Di tích,1,1,1.0
Lạng Sơn,Nhóm Tham quan & Vui chơi (attraction / entertainment),Rạp phim,1,1,1.0
Lạng Sơn,Nhóm Tham quan & Vui chơi (attraction / entertainment),Spa & Thư giãn,1,1,1.0
Lạng Sơn,Nhóm Tham quan & Vui chơi (attraction / entertainment),Thiên nhiên,1,1,1.0
Lạng Sơn,Nhóm Lưu trú (accommodation),Khách sạn & Resort,6,15,0.4
Lạng Sơn,Nhóm Lưu trú (accommodation),Homestay & Villa,1,4,0.25
Lạng Sơn,Nhóm Mua sắm (shopping),Dịch vụ du lịch,7,7,1.0
Lạng Sơn,Nhóm Mua sắm (shopping),Cửa hàng đặc sản/Quà lưu niệm,5,5,1.0
Lạng Sơn,Nhóm Mua sắm (shopping),Chợ truyền thống,3,3,1.0
Lạng Sơn,Nhóm Mua sắm (shopping),Trung tâm thương mại,1,1,1.0
Hòa Bình,Nhóm Ẩm thực & Cafe (restaurant / cafe),Cafe & Đồ uống,24,24,1.0
Hòa Bình,Nhóm Ẩm thực & Cafe (restaurant / cafe),Quán ăn,23,23,1.0
Hòa Bình,Nhóm Ẩm thực & Cafe (restaurant / cafe),Nhà hàng,12,12,1.0
Hòa Bình,Nhóm Ẩm thực & Cafe (restaurant / cafe),Tiệm bánh & Tráng miệng,2,2,1.0
Hòa Bình,Nhóm Ẩm thực & Cafe (restaurant / cafe),Pub/Bar,1,1,1.0
Hòa Bình,Nhóm Tham quan & Vui chơi (attraction / entertainment),Thiên nhiên,9,9,1.0
Hòa Bình,Nhóm Tham quan & Vui chơi (attraction / entertainment),Spa & Thư giãn,7,7,1.0
Hòa Bình,Nhóm Tham quan & Vui chơi (attraction / entertainment),Karaoke,4,4,1.0
Hòa Bình,Nhóm Tham quan & Vui chơi (attraction / entertainment),Công trình tôn giáo,3,3,1.0
Hòa Bình,Nhóm Tham quan & Vui chơi (attraction / entertainment),Thể thao ngoài trời,2,2,1.0
Hòa Bình,Nhóm Tham quan & Vui chơi (attraction / entertainment),Thể thao trong nhà,2,2,1.0
Hòa Bình,Nhóm Tham quan & Vui chơi (attraction / entertainment),Đài quan sát & Khu chụp ảnh,2,2,1.0
Hòa Bình,Nhóm Tham quan & Vui chơi (attraction / entertainment),Công viên giải trí,1,1,1.0
Hòa Bình,Nhóm Tham quan & Vui chơi (attraction / entertainment),Công viên/Quảng trường,1,1,1.0
Hòa Bình,Nhóm Tham quan & Vui chơi (attraction / entertainment),Di tích,1,1,1.0
Hòa Bình,Nhóm Tham quan & Vui chơi (attraction / entertainment),Nông trại,1,1,1.0
Hòa Bình,Nhóm Lưu trú (accommodation),Khách sạn & Resort,19,35,0.5428999999999999
Hòa Bình,Nhóm Lưu trú (accommodation),Homestay & Villa,14,26,0.5385
Hòa Bình,Nhóm Mua sắm (shopping),Chợ truyền thống,21,21,1.0
Hòa Bình,Nhóm Mua sắm (shopping),Cửa hàng đặc sản/Quà lưu niệm,7,7,1.0
Hòa Bình,Nhóm Mua sắm (shopping),Trung tâm thương mại,6,6,1.0
Hòa Bình,Nhóm Mua sắm (shopping),Dịch vụ du lịch,3,3,1.0
Hà Giang,Nhóm Ẩm thực & Cafe (restaurant / cafe),Cafe & Đồ uống,16,16,1.0
Hà Giang,Nhóm Ẩm thực & Cafe (restaurant / cafe),Quán ăn,16,16,1.0
Hà Giang,Nhóm Ẩm thực & Cafe (restaurant / cafe),Nhà hàng,11,11,1.0
Hà Giang,Nhóm Ẩm thực & Cafe (restaurant / cafe),Tiệm bánh & Tráng miệng,10,10,1.0
Hà Giang,Nhóm Ẩm thực & Cafe (restaurant / cafe),Pub/Bar,3,3,1.0
Hà Giang,Nhóm Tham quan & Vui chơi (attraction / entertainment),Thiên nhiên,10,10,1.0
Hà Giang,Nhóm Tham quan & Vui chơi (attraction / entertainment),Karaoke,7,7,1.0
Hà Giang,Nhóm Tham quan & Vui chơi (attraction / entertainment),Di tích,5,5,1.0
Hà Giang,Nhóm Tham quan & Vui chơi (attraction / entertainment),Đài quan sát & Khu chụp ảnh,3,3,1.0
Hà Giang,Nhóm Tham quan & Vui chơi (attraction / entertainment),Công viên/Quảng trường,2,2,1.0
Hà Giang,Nhóm Tham quan & Vui chơi (attraction / entertainment),Làng nghề,2,2,1.0
Hà Giang,Nhóm Tham quan & Vui chơi (attraction / entertainment),Bảo tàng & Không gian trưng bày,1,1,1.0
Hà Giang,Nhóm Tham quan & Vui chơi (attraction / entertainment),Công trình tôn giáo,1,1,1.0
Hà Giang,Nhóm Tham quan & Vui chơi (attraction / entertainment),Phố đi bộ,1,1,1.0
Hà Giang,Nhóm Tham quan & Vui chơi (attraction / entertainment),Spa & Thư giãn,1,1,1.0
Hà Giang,Nhóm Lưu trú (accommodation),Homestay & Villa,25,70,0.35710000000000003
Hà Giang,Nhóm Lưu trú (accommodation),Khách sạn & Resort,8,30,0.2667
Hà Giang,Nhóm Lưu trú (accommodation),Nhà nghỉ,1,6,0.16670000000000001
Hà Giang,Nhóm Mua sắm (shopping),Chợ truyền thống,3,3,1.0
Hà Giang,Nhóm Mua sắm (shopping),Dịch vụ du lịch,1,1,1.0
Sơn La,Nhóm Ẩm thực & Cafe (restaurant / cafe),Quán ăn,19,19,1.0
Sơn La,Nhóm Ẩm thực & Cafe (restaurant / cafe),Cafe & Đồ uống,18,18,1.0
Sơn La,Nhóm Ẩm thực & Cafe (restaurant / cafe),Nhà hàng,17,17,1.0
Sơn La,Nhóm Ẩm thực & Cafe (restaurant / cafe),Tiệm bánh & Tráng miệng,4,4,1.0
Sơn La,Nhóm Ẩm thực & Cafe (restaurant / cafe),Pub/Bar,1,1,1.0
Sơn La,Nhóm Tham quan & Vui chơi (attraction / entertainment),Thiên nhiên,19,19,1.0
Sơn La,Nhóm Tham quan & Vui chơi (attraction / entertainment),Karaoke,3,3,1.0
Sơn La,Nhóm Tham quan & Vui chơi (attraction / entertainment),Nông trại,3,3,1.0
Sơn La,Nhóm Tham quan & Vui chơi (attraction / entertainment),Công viên/Quảng trường,2,2,1.0
Sơn La,Nhóm Tham quan & Vui chơi (attraction / entertainment),Rạp phim,2,2,1.0
Sơn La,Nhóm Tham quan & Vui chơi (attraction / entertainment),Di tích,1,1,1.0
Sơn La,Nhóm Tham quan & Vui chơi (attraction / entertainment),Làng nghề,1,1,1.0
Sơn La,Nhóm Tham quan & Vui chơi (attraction / entertainment),Spa & Thư giãn,1,1,1.0
Sơn La,Nhóm Tham quan & Vui chơi (attraction / entertainment),Đài quan sát & Khu chụp ảnh,1,1,1.0
Sơn La,Nhóm Lưu trú (accommodation),Homestay & Villa,23,30,0.7667
Sơn La,Nhóm Lưu trú (accommodation),Khách sạn & Resort,4,20,0.2
Sơn La,Nhóm Lưu trú (accommodation),Nhà nghỉ,2,2,1.0
Sơn La,Nhóm Mua sắm (shopping),Cửa hàng đặc sản/Quà lưu niệm,5,5,1.0
Điện Biên,Nhóm Ẩm thực & Cafe (restaurant / cafe),Quán ăn,24,39,0.6154
Điện Biên,Nhóm Ẩm thực & Cafe (restaurant / cafe),Cafe & Đồ uống,12,13,0.9231
Điện Biên,Nhóm Ẩm thực & Cafe (restaurant / cafe),Nhà hàng,6,6,1.0
Điện Biên,Nhóm Ẩm thực & Cafe (restaurant / cafe),Tiệm bánh & Tráng miệng,3,3,1.0
Điện Biên,Nhóm Ẩm thực & Cafe (restaurant / cafe),Pub/Bar,2,2,1.0
Điện Biên,Nhóm Tham quan & Vui chơi (attraction / entertainment),Karaoke,6,6,1.0
Điện Biên,Nhóm Tham quan & Vui chơi (attraction / entertainment),Thiên nhiên,3,3,1.0
Điện Biên,Nhóm Tham quan & Vui chơi (attraction / entertainment),Bảo tàng & Không gian trưng bày,1,1,1.0
Điện Biên,Nhóm Tham quan & Vui chơi (attraction / entertainment),Rạp phim,1,1,1.0
Điện Biên,Nhóm Lưu trú (accommodation),Khách sạn & Resort,1,12,0.0833
Điện Biên,Nhóm Lưu trú (accommodation),Nhà nghỉ,1,2,0.5
Điện Biên,Nhóm Mua sắm (shopping),Cửa hàng đặc sản/Quà lưu niệm,2,2,1.0
Điện Biên,Nhóm Mua sắm (shopping),Trung tâm thương mại,2,2,1.0
Điện Biên,Nhóm Mua sắm (shopping),Chợ truyền thống,1,1,1.0
Điện Biên,Nhóm Mua sắm (shopping),Dịch vụ du lịch,1,1,1.0
Tuyên Quang,Nhóm Ẩm thực & Cafe (restaurant / cafe),Quán ăn,11,11,1.0
Tuyên Quang,Nhóm Ẩm thực & Cafe (restaurant / cafe),Nhà hàng,8,8,1.0
Tuyên Quang,Nhóm Ẩm thực & Cafe (restaurant / cafe),Cafe & Đồ uống,6,6,1.0
Tuyên Quang,Nhóm Ẩm thực & Cafe (restaurant / cafe),Tiệm bánh & Tráng miệng,2,2,1.0
Tuyên Quang,Nhóm Ẩm thực & Cafe (restaurant / cafe),Buffet & Khu ẩm thực,1,1,1.0
Tuyên Quang,Nhóm Tham quan & Vui chơi (attraction / entertainment),Thiên nhiên,2,2,1.0
Tuyên Quang,Nhóm Tham quan & Vui chơi (attraction / entertainment),Công trình tôn giáo,1,1,1.0
Tuyên Quang,Nhóm Tham quan & Vui chơi (attraction / entertainment),Karaoke,1,1,1.0
Tuyên Quang,Nhóm Tham quan & Vui chơi (attraction / entertainment),Rạp phim,1,1,1.0
Tuyên Quang,Nhóm Lưu trú (accommodation),Khách sạn & Resort,3,10,0.3
Tuyên Quang,Nhóm Lưu trú (accommodation),Homestay & Villa,2,8,0.25
Tuyên Quang,Nhóm Lưu trú (accommodation),Nhà nghỉ,1,1,1.0
Tuyên Quang,Nhóm Mua sắm (shopping),Dịch vụ du lịch,2,2,1.0
Tuyên Quang,Nhóm Mua sắm (shopping),Trung tâm thương mại,1,1,1.0
Cao Bằng,Nhóm Ẩm thực & Cafe (restaurant / cafe),Nhà hàng,11,11,1.0
Cao Bằng,Nhóm Ẩm thực & Cafe (restaurant / cafe),Cafe & Đồ uống,5,5,1.0
Cao Bằng,Nhóm Ẩm thực & Cafe (restaurant / cafe),Quán ăn,4,4,1.0
Cao Bằng,Nhóm Tham quan & Vui chơi (attraction / entertainment),Thiên nhiên,6,6,1.0
Cao Bằng,Nhóm Tham quan & Vui chơi (attraction / entertainment),Công viên/Quảng trường,1,1,1.0
Cao Bằng,Nhóm Tham quan & Vui chơi (attraction / entertainment),Karaoke,1,1,1.0
Cao Bằng,Nhóm Lưu trú (accommodation),Khách sạn & Resort,3,12,0.25
Cao Bằng,Nhóm Lưu trú (accommodation),Nhà nghỉ,1,1,1.0
Cao Bằng,Nhóm Mua sắm (shopping),Dịch vụ du lịch,4,4,1.0
Lai Châu,Nhóm Ẩm thực & Cafe (restaurant / cafe),Cafe & Đồ uống,2,2,1.0
Lai Châu,Nhóm Ẩm thực & Cafe (restaurant / cafe),Quán ăn,2,2,1.0
Lai Châu,Nhóm Tham quan & Vui chơi (attraction / entertainment),Công viên/Quảng trường,1,1,1.0
Lai Châu,Nhóm Tham quan & Vui chơi (attraction / entertainment),Thiên nhiên,1,1,1.0
Lai Châu,Nhóm Lưu trú (accommodation),Khách sạn & Resort,7,10,0.7
Lai Châu,Nhóm Lưu trú (accommodation),Homestay & Villa,3,4,0.75
Lai Châu,Nhóm Mua sắm (shopping),Trung tâm thương mại,1,1,1.0
Bắc Kạn,Nhóm Ẩm thực & Cafe (restaurant / cafe),Quán ăn,4,4,1.0
Bắc Kạn,Nhóm Ẩm thực & Cafe (restaurant / cafe),Tiệm bánh & Tráng miệng,3,3,1.0
Bắc Kạn,Nhóm Ẩm thực & Cafe (restaurant / cafe),Cafe & Đồ uống,1,1,1.0
Bắc Kạn,Nhóm Tham quan & Vui chơi (attraction / entertainment),Thiên nhiên,1,1,1.0
Bắc Kạn,Nhóm Mua sắm (shopping),Chợ truyền thống,1,1,1.0
